complex-formation-batch-01	1372388	1	0	0
complex-formation-batch-01	1375324	1	0	0
complex-formation-batch-01	1470918	1	0	0
complex-formation-batch-01	1493333	1	0	0
complex-formation-batch-01	1531086	1	0	0
complex-formation-batch-01	1911548	1	0	0
complex-formation-batch-01	1946356	1	0	0
complex-formation-batch-01	2083253	1	0	0
complex-formation-batch-01	2105528	1	0	0
complex-formation-batch-01	2196387	1	0	0
complex-formation-batch-01	2302185	1	0	0
complex-formation-batch-01	7512565	1	0	0
complex-formation-batch-01	7534293	1	0	0
complex-formation-batch-01	7540942	1	0	0
complex-formation-batch-01	7565732	1	0	0
complex-formation-batch-01	7579328	1	0	0
complex-formation-batch-01	7659529	1	0	0
complex-formation-batch-01	7665588	1	0	0
complex-formation-batch-01	7673240	1	0	0
complex-formation-batch-01	7706710	1	0	0
complex-formation-batch-01	7730624	1	0	0
complex-formation-batch-01	7843230	1	0	0
complex-formation-batch-01	7848679	1	0	0
complex-formation-batch-01	7859290	1	0	0
complex-formation-batch-01	7862168	1	0	0
complex-formation-batch-01	7909357	1	0	0
complex-formation-batch-01	7915519	1	0	0
complex-formation-batch-01	7929104	1	0	0
complex-formation-batch-01	7929355	1	0	0
complex-formation-batch-01	7964516	1	0	0
complex-formation-batch-01	7964616	1	0	0
complex-formation-batch-01	8144878	1	0	0
complex-formation-batch-01	8164652	1	0	0
complex-formation-batch-01	8183915	1	0	0
complex-formation-batch-01	8196620	1	0	0
complex-formation-batch-01	8264604	1	0	0
complex-formation-batch-01	8468462	1	0	0
complex-formation-batch-01	8493578	1	0	0
complex-formation-batch-01	8506326	1	0	0
complex-formation-batch-01	8530384	1	0	0
complex-formation-batch-01	8605348	1	0	0
complex-formation-batch-01	8754855	1	0	0
complex-formation-batch-01	8797708	1	0	0
complex-formation-batch-01	8816436	1	0	0
complex-formation-batch-01	8816454	1	0	0
complex-formation-batch-01	8872606	1	0	0
complex-formation-batch-01	8934542	1	0	0
complex-formation-batch-01	8943338	1	0	0
complex-formation-batch-01	9011569	1	0	0
complex-formation-batch-01	9018153	1	0	0
complex-formation-batch-01	9111040	1	0	0
complex-formation-batch-01	9133417	1	0	0
complex-formation-batch-01	9177217	1	0	0
complex-formation-batch-01	9199305	1	0	0
complex-formation-batch-01	9199898	1	0	0
complex-formation-batch-01	9209438	1	0	0
complex-formation-batch-01	9211847	1	0	0
complex-formation-batch-01	9233623	1	0	0
complex-formation-batch-01	9317131	1	0	0
complex-formation-batch-01	9341193	1	0	0
complex-formation-batch-01	9343210	1	0	0
complex-formation-batch-01	9388475	1	0	0
complex-formation-batch-01	9398404	1	0	0
complex-formation-batch-01	9414129	1	0	0
complex-formation-batch-01	9428992	1	0	0
complex-formation-batch-01	9442374	1	0	0
complex-formation-batch-01	9464836	1	0	0
complex-formation-batch-01	9632764	1	0	0
complex-formation-batch-01	9663467	1	0	0
complex-formation-batch-01	9707608	1	0	0
complex-formation-batch-01	9722600	1	0	0
complex-formation-batch-01	9819382	1	0	0
complex-formation-batch-01	9845517	1	0	0
complex-formation-batch-01	9858618	1	0	0
complex-formation-batch-01	10022897	1	0	0
complex-formation-batch-01	10068671	1	0	0
complex-formation-batch-01	10069428	1	0	0
complex-formation-batch-01	10080948	1	0	0
complex-formation-batch-01	10201929	1	0	0
complex-formation-batch-01	10209036	1	0	0
complex-formation-batch-01	10209041	1	0	0
complex-formation-batch-01	10221643	1	0	0
complex-formation-batch-01	10228008	1	0	0
complex-formation-batch-01	10228026	1	0	0
complex-formation-batch-01	10328874	1	0	0
complex-formation-batch-01	10330189	1	0	0
complex-formation-batch-01	10347175	1	0	0
complex-formation-batch-01	10357820	1	0	0
complex-formation-batch-01	10358173	1	0	0
complex-formation-batch-01	10359895	1	0	0
complex-formation-batch-01	10364157	1	0	0
complex-formation-batch-01	10369255	1	0	0
complex-formation-batch-01	10432288	1	0	0
complex-formation-batch-01	10438731	1	0	0
complex-formation-batch-01	10446999	1	0	0
complex-formation-batch-01	10455134	1	0	0
complex-formation-batch-01	10477683	1	0	0
complex-formation-batch-02	1675604	0	1	0
complex-formation-batch-02	1680914	0	1	0
complex-formation-batch-02	1682217	0	1	0
complex-formation-batch-02	1700011	0	1	0
complex-formation-batch-02	1763325	0	1	0
complex-formation-batch-02	1990263	0	1	0
complex-formation-batch-02	7478534	0	1	0
complex-formation-batch-02	7492771	0	1	0
complex-formation-batch-02	7537762	0	1	0
complex-formation-batch-02	7605990	0	1	0
complex-formation-batch-02	7747417	0	1	0
complex-formation-batch-02	7747447	0	1	0
complex-formation-batch-02	7760810	0	1	0
complex-formation-batch-02	8096091	0	1	0
complex-formation-batch-02	8098618	0	1	0
complex-formation-batch-02	8108127	0	1	0
complex-formation-batch-02	8108414	0	1	0
complex-formation-batch-02	8112299	0	1	0
complex-formation-batch-02	8524232	0	1	0
complex-formation-batch-02	8561779	0	1	0
complex-formation-batch-02	8626752	0	1	0
complex-formation-batch-02	8649779	0	1	0
complex-formation-batch-02	8892614	0	1	0
complex-formation-batch-02	9159166	0	1	0
complex-formation-batch-02	9160887	0	1	0
complex-formation-batch-02	9164841	0	1	0
complex-formation-batch-02	9171108	0	1	0
complex-formation-batch-02	9353251	0	1	0
complex-formation-batch-02	9356494	0	1	0
complex-formation-batch-02	9733846	0	1	0
complex-formation-batch-02	9794375	0	1	0
complex-formation-batch-02	9799798	0	1	0
complex-formation-batch-02	9852070	0	1	0
complex-formation-batch-02	9989503	0	1	0
complex-formation-batch-02	10096561	0	1	0
complex-formation-batch-02	10229231	0	1	0
complex-formation-batch-02	10395652	0	1	0
complex-formation-batch-02	10395671	0	1	0
complex-formation-batch-02	10402173	0	1	0
complex-formation-batch-02	10409763	0	1	0
exhaustive-ptm-corpus-for-re	1634508	0	0	1
exhaustive-ptm-corpus-for-re	1659820	1	0	0
exhaustive-ptm-corpus-for-re	1690855	0	1	0
exhaustive-ptm-corpus-for-re	1698996	1	0	0
exhaustive-ptm-corpus-for-re	1701434	0	1	0
exhaustive-ptm-corpus-for-re	1894360	1	0	0
exhaustive-ptm-corpus-for-re	1901916	1	0	0
exhaustive-ptm-corpus-for-re	2065084	0	1	0
exhaustive-ptm-corpus-for-re	2204804	1	0	0
exhaustive-ptm-corpus-for-re	2211640	0	1	0
exhaustive-ptm-corpus-for-re	2244873	0	1	0
exhaustive-ptm-corpus-for-re	2266117	1	0	0
exhaustive-ptm-corpus-for-re	2327288	1	0	0
exhaustive-ptm-corpus-for-re	2373701	0	1	0
exhaustive-ptm-corpus-for-re	2432924	1	0	0
exhaustive-ptm-corpus-for-re	2443494	0	1	0
exhaustive-ptm-corpus-for-re	2504694	1	0	0
exhaustive-ptm-corpus-for-re	2514791	1	0	0
exhaustive-ptm-corpus-for-re	2774586	0	0	1
exhaustive-ptm-corpus-for-re	2820766	0	0	1
exhaustive-ptm-corpus-for-re	2981876	0	0	1
exhaustive-ptm-corpus-for-re	2999142	0	1	0
exhaustive-ptm-corpus-for-re	3464222	0	0	1
exhaustive-ptm-corpus-for-re	3667614	1	0	0
exhaustive-ptm-corpus-for-re	3918896	1	0	0
exhaustive-ptm-corpus-for-re	6487575	1	0	0
exhaustive-ptm-corpus-for-re	7525288	0	1	0
exhaustive-ptm-corpus-for-re	7545681	0	0	1
exhaustive-ptm-corpus-for-re	7554293	1	0	0
exhaustive-ptm-corpus-for-re	7592744	1	0	0
exhaustive-ptm-corpus-for-re	7673174	1	0	0
exhaustive-ptm-corpus-for-re	7684381	0	0	1
exhaustive-ptm-corpus-for-re	7721860	0	1	0
exhaustive-ptm-corpus-for-re	7829494	1	0	0
exhaustive-ptm-corpus-for-re	7872772	0	0	1
exhaustive-ptm-corpus-for-re	8034690	1	0	0
exhaustive-ptm-corpus-for-re	8078515	0	0	1
exhaustive-ptm-corpus-for-re	8116240	0	0	1
exhaustive-ptm-corpus-for-re	8119279	0	1	0
exhaustive-ptm-corpus-for-re	8148370	0	1	0
exhaustive-ptm-corpus-for-re	8212550	1	0	0
exhaustive-ptm-corpus-for-re	8226619	1	0	0
exhaustive-ptm-corpus-for-re	8226998	0	1	0
exhaustive-ptm-corpus-for-re	8232104	0	0	1
exhaustive-ptm-corpus-for-re	8232542	1	0	0
exhaustive-ptm-corpus-for-re	8346241	0	1	0
exhaustive-ptm-corpus-for-re	8378893	0	0	1
exhaustive-ptm-corpus-for-re	8429920	1	0	0
exhaustive-ptm-corpus-for-re	8430087	1	0	0
exhaustive-ptm-corpus-for-re	8444798	1	0	0
exhaustive-ptm-corpus-for-re	8484716	1	0	0
exhaustive-ptm-corpus-for-re	8506307	1	0	0
exhaustive-ptm-corpus-for-re	8513495	0	1	0
exhaustive-ptm-corpus-for-re	8562686	1	0	0
exhaustive-ptm-corpus-for-re	8608227	1	0	0
exhaustive-ptm-corpus-for-re	8641455	0	0	1
exhaustive-ptm-corpus-for-re	8652528	1	0	0
exhaustive-ptm-corpus-for-re	8659928	1	0	0
exhaustive-ptm-corpus-for-re	8798525	0	0	1
exhaustive-ptm-corpus-for-re	8816449	0	1	0
exhaustive-ptm-corpus-for-re	8910345	1	0	0
exhaustive-ptm-corpus-for-re	8932298	0	0	1
exhaustive-ptm-corpus-for-re	8943311	1	0	0
exhaustive-ptm-corpus-for-re	9111020	1	0	0
exhaustive-ptm-corpus-for-re	9162034	1	0	0
exhaustive-ptm-corpus-for-re	9192730	1	0	0
exhaustive-ptm-corpus-for-re	9193669	0	1	0
exhaustive-ptm-corpus-for-re	9315095	1	0	0
exhaustive-ptm-corpus-for-re	9531531	0	1	0
exhaustive-ptm-corpus-for-re	9622387	1	0	0
exhaustive-ptm-corpus-for-re	9657698	1	0	0
exhaustive-ptm-corpus-for-re	9692672	1	0	0
exhaustive-ptm-corpus-for-re	9705332	0	1	0
exhaustive-ptm-corpus-for-re	9843958	1	0	0
exhaustive-ptm-corpus-for-re	9857197	0	0	1
exhaustive-ptm-corpus-for-re	9867869	0	1	0
exhaustive-ptm-corpus-for-re	10048324	0	1	0
exhaustive-ptm-corpus-for-re	10049407	1	0	0
exhaustive-ptm-corpus-for-re	10372527	1	0	0
exhaustive-ptm-corpus-for-re	10417813	0	0	1
exhaustive-ptm-corpus-for-re	10579719	0	0	1
exhaustive-ptm-corpus-for-re	10614641	1	0	0
exhaustive-ptm-corpus-for-re	10617614	1	0	0
exhaustive-ptm-corpus-for-re	10617773	0	0	1
exhaustive-ptm-corpus-for-re	10623527	1	0	0
exhaustive-ptm-corpus-for-re	10684567	1	0	0
exhaustive-ptm-corpus-for-re	10713156	0	0	1
exhaustive-ptm-corpus-for-re	10763828	0	0	1
exhaustive-ptm-corpus-for-re	10781063	1	0	0
exhaustive-ptm-corpus-for-re	10800694	0	1	0
exhaustive-ptm-corpus-for-re	10828074	1	0	0
exhaustive-ptm-corpus-for-re	10854057	1	0	0
exhaustive-ptm-corpus-for-re	10866691	0	0	1
exhaustive-ptm-corpus-for-re	10949152	1	0	0
exhaustive-ptm-corpus-for-re	10978310	1	0	0
exhaustive-ptm-corpus-for-re	10995228	1	0	0
exhaustive-ptm-corpus-for-re	11335720	1	0	0
exhaustive-ptm-corpus-for-re	11336659	1	0	0
exhaustive-ptm-corpus-for-re	11359782	1	0	0
exhaustive-ptm-corpus-for-re	11359852	1	0	0
exhaustive-ptm-corpus-for-re	11559360	0	1	0
exhaustive-ptm-corpus-for-re	11809749	0	0	1
exhaustive-ptm-corpus-for-re	11850828	1	0	0
exhaustive-ptm-corpus-for-re	12036871	0	0	1
exhaustive-ptm-corpus-for-re	12149243	1	0	0
exhaustive-ptm-corpus-for-re	12154071	0	1	0
exhaustive-ptm-corpus-for-re	12221073	1	0	0
exhaustive-ptm-corpus-for-re	12409510	0	1	0
exhaustive-ptm-corpus-for-re	12413887	1	0	0
exhaustive-ptm-corpus-for-re	12433841	1	0	0
exhaustive-ptm-corpus-for-re	12473112	1	0	0
exhaustive-ptm-corpus-for-re	12504026	0	0	1
exhaustive-ptm-corpus-for-re	12724534	1	0	0
exhaustive-ptm-corpus-for-re	12730668	0	0	1
exhaustive-ptm-corpus-for-re	12787446	1	0	0
exhaustive-ptm-corpus-for-re	12805216	0	0	1
exhaustive-ptm-corpus-for-re	12842888	1	0	0
exhaustive-ptm-corpus-for-re	12882980	1	0	0
exhaustive-ptm-corpus-for-re	12952523	1	0	0
exhaustive-ptm-corpus-for-re	12972599	1	0	0
exhaustive-ptm-corpus-for-re	14527407	1	0	0
exhaustive-ptm-corpus-for-re	14556629	0	1	0
exhaustive-ptm-corpus-for-re	14981544	0	0	1
exhaustive-ptm-corpus-for-re	15060148	1	0	0
exhaustive-ptm-corpus-for-re	15134439	0	1	0
exhaustive-ptm-corpus-for-re	15155809	1	0	0
exhaustive-ptm-corpus-for-re	15326037	1	0	0
exhaustive-ptm-corpus-for-re	15687105	1	0	0
exhaustive-ptm-corpus-for-re	15692085	1	0	0
exhaustive-ptm-corpus-for-re	15723223	1	0	0
exhaustive-ptm-corpus-for-re	15729676	1	0	0
exhaustive-ptm-corpus-for-re	15769255	1	0	0
exhaustive-ptm-corpus-for-re	15843622	0	0	1
exhaustive-ptm-corpus-for-re	15937107	1	0	0
exhaustive-ptm-corpus-for-re	16006204	1	0	0
exhaustive-ptm-corpus-for-re	16036220	1	0	0
exhaustive-ptm-corpus-for-re	16061479	1	0	0
exhaustive-ptm-corpus-for-re	16166628	1	0	0
exhaustive-ptm-corpus-for-re	16274718	1	0	0
exhaustive-ptm-corpus-for-re	16424386	1	0	0
exhaustive-ptm-corpus-for-re	16473575	1	0	0
exhaustive-ptm-corpus-for-re	16594705	1	0	0
exhaustive-ptm-corpus-for-re	16720433	0	1	0
exhaustive-ptm-corpus-for-re	16738318	0	1	0
exhaustive-ptm-corpus-for-re	16912035	0	0	1
exhaustive-ptm-corpus-for-re	16925948	0	1	0
exhaustive-ptm-corpus-for-re	16959562	0	1	0
exhaustive-ptm-corpus-for-re	16980317	0	1	0
exhaustive-ptm-corpus-for-re	16998237	1	0	0
exhaustive-ptm-corpus-for-re	17015689	0	0	1
exhaustive-ptm-corpus-for-re	17020914	1	0	0
exhaustive-ptm-corpus-for-re	17108053	1	0	0
exhaustive-ptm-corpus-for-re	17275951	1	0	0
exhaustive-ptm-corpus-for-re	17389930	1	0	0
exhaustive-ptm-corpus-for-re	17439941	1	0	0
exhaustive-ptm-corpus-for-re	17546054	1	0	0
exhaustive-ptm-corpus-for-re	17640415	0	0	1
exhaustive-ptm-corpus-for-re	17643059	1	0	0
exhaustive-ptm-corpus-for-re	17694428	0	0	1
exhaustive-ptm-corpus-for-re	17823919	0	0	1
exhaustive-ptm-corpus-for-re	17881826	1	0	0
exhaustive-ptm-corpus-for-re	17923797	0	1	0
exhaustive-ptm-corpus-for-re	17927566	1	0	0
exhaustive-ptm-corpus-for-re	18031230	1	0	0
exhaustive-ptm-corpus-for-re	18093584	1	0	0
exhaustive-ptm-corpus-for-re	18094045	1	0	0
exhaustive-ptm-corpus-for-re	18161731	0	1	0
exhaustive-ptm-corpus-for-re	18165438	0	0	1
exhaustive-ptm-corpus-for-re	18187409	1	0	0
exhaustive-ptm-corpus-for-re	18199880	1	0	0
exhaustive-ptm-corpus-for-re	18220415	1	0	0
exhaustive-ptm-corpus-for-re	18234837	1	0	0
exhaustive-ptm-corpus-for-re	18247557	1	0	0
exhaustive-ptm-corpus-for-re	18253500	1	0	0
exhaustive-ptm-corpus-for-re	18323857	0	1	0
exhaustive-ptm-corpus-for-re	18348865	0	1	0
exhaustive-ptm-corpus-for-re	18356536	1	0	0
exhaustive-ptm-corpus-for-re	18378904	0	1	0
exhaustive-ptm-corpus-for-re	18406180	0	1	0
exhaustive-ptm-corpus-for-re	18521078	0	0	1
exhaustive-ptm-corpus-for-re	18534984	0	1	0
exhaustive-ptm-corpus-for-re	18596047	1	0	0
exhaustive-ptm-corpus-for-re	18657071	1	0	0
exhaustive-ptm-corpus-for-re	18690022	1	0	0
exhaustive-ptm-corpus-for-re	18781344	1	0	0
exhaustive-ptm-corpus-for-re	18946085	1	0	0
exhaustive-ptm-corpus-for-re	18988896	1	0	0
exhaustive-ptm-corpus-for-re	19001095	1	0	0
exhaustive-ptm-corpus-for-re	19003917	1	0	0
exhaustive-ptm-corpus-for-re	19015234	1	0	0
exhaustive-ptm-corpus-for-re	19017259	0	0	1
exhaustive-ptm-corpus-for-re	19029246	0	1	0
exhaustive-ptm-corpus-for-re	19098128	0	0	1
exhaustive-ptm-corpus-for-re	19146979	1	0	0
exhaustive-ptm-corpus-for-re	19328198	1	0	0
exhaustive-ptm-corpus-for-re	19366733	1	0	0
exhaustive-ptm-corpus-for-re	19382745	1	0	0
exhaustive-ptm-corpus-for-re	19465924	1	0	0
exhaustive-ptm-corpus-for-re	19503082	0	0	1
exhaustive-ptm-corpus-for-re	19508429	1	0	0
exhaustive-ptm-corpus-for-re	19575796	0	0	1
exhaustive-ptm-corpus-for-re	19592663	1	0	0
exhaustive-ptm-corpus-for-re	19596852	1	0	0
exhaustive-ptm-corpus-for-re	19608646	1	0	0
exhaustive-ptm-corpus-for-re	19619245	0	0	1
exhaustive-ptm-corpus-for-re	19656241	1	0	0
exhaustive-ptm-corpus-for-re	19658209	0	0	1
exhaustive-ptm-corpus-for-re	19779455	1	0	0
exhaustive-ptm-corpus-for-re	19828799	0	1	0
exhaustive-ptm-corpus-for-re	19843541	1	0	0
exhaustive-ptm-corpus-for-re	19858358	0	1	0
exhaustive-ptm-corpus-for-re	19875264	0	0	1
exhaustive-ptm-corpus-for-re	19917606	1	0	0
exhaustive-ptm-corpus-for-re	19956733	0	1	0
exhaustive-ptm-corpus-for-re	20028662	0	1	0
exhaustive-ptm-corpus-for-re	20074052	1	0	0
exhaustive-ptm-corpus-for-re	20101219	1	0	0
exhaustive-ptm-corpus-for-re	20130140	0	0	1
exhaustive-ptm-corpus-for-re	20309679	1	0	0
exhaustive-ptm-corpus-for-re	20372964	0	1	0
exhaustive-ptm-corpus-for-re	20451389	0	0	1
exhaustive-ptm-corpus-for-re	20498050	1	0	0
exhaustive-ptm-corpus-for-re	20516063	1	0	0
exhaustive-ptm-corpus-for-re	20530572	1	0	0
exhaustive-ptm-corpus-for-re	20574167	1	0	0
exhaustive-ptm-corpus-for-re	20580052	1	0	0
exhaustive-ptm-corpus-for-re	20590657	1	0	0
exhaustive-ptm-corpus-for-re	20599894	0	0	1
exhaustive-ptm-corpus-for-re	20601087	1	0	0
exhaustive-ptm-corpus-for-re	20610629	0	1	0
exhaustive-ptm-corpus-for-re	20610737	0	0	1
exhaustive-ptm-corpus-for-re	20659444	1	0	0
exhaustive-ptm-corpus-for-re	21042649	1	0	0
exhaustive-ptm-corpus-for-re	21169563	1	0	0
genetic-interaction-dbs-abstracts-01	2107403	0	1	0
genetic-interaction-dbs-abstracts-01	9808621	0	0	1
genetic-interaction-dbs-abstracts-01	9843581	0	1	0
genetic-interaction-dbs-abstracts-01	10512884	1	0	0
genetic-interaction-dbs-abstracts-01	10793159	1	0	0
genetic-interaction-dbs-abstracts-01	11290711	0	1	0
genetic-interaction-dbs-abstracts-01	11405640	0	1	0
genetic-interaction-dbs-abstracts-01	11602607	1	0	0
genetic-interaction-dbs-abstracts-01	11687605	0	0	1
genetic-interaction-dbs-abstracts-01	11867544	0	0	1
genetic-interaction-dbs-abstracts-01	12072455	1	0	0
genetic-interaction-dbs-abstracts-01	12694535	1	0	0
genetic-interaction-dbs-abstracts-01	14730319	1	0	0
genetic-interaction-dbs-abstracts-01	14990574	1	0	0
genetic-interaction-dbs-abstracts-01	15028211	0	0	1
genetic-interaction-dbs-abstracts-01	15189983	1	0	0
genetic-interaction-dbs-abstracts-01	15240556	1	0	0
genetic-interaction-dbs-abstracts-01	15660136	1	0	0
genetic-interaction-dbs-abstracts-01	16492753	1	0	0
genetic-interaction-dbs-abstracts-01	16956380	1	0	0
genetic-interaction-dbs-abstracts-01	17565966	1	0	0
genetic-interaction-dbs-abstracts-01	17948059	0	0	1
genetic-interaction-dbs-abstracts-01	18094119	0	0	1
genetic-interaction-dbs-abstracts-01	18199689	1	0	0
genetic-interaction-dbs-abstracts-01	18245329	1	0	0
genetic-interaction-dbs-abstracts-01	18342605	1	0	0
genetic-interaction-dbs-abstracts-01	18392760	1	0	0
genetic-interaction-dbs-abstracts-01	18927106	1	0	0
genetic-interaction-dbs-abstracts-01	19118185	1	0	0
genetic-interaction-dbs-abstracts-01	19473263	1	0	0
genetic-interaction-dbs-abstracts-01	19910925	1	0	0
genetic-interaction-dbs-abstracts-01	20144990	1	0	0
genetic-interaction-dbs-abstracts-01	20453836	1	0	0
genetic-interaction-dbs-abstracts-01	20463880	0	0	1
genetic-interaction-dbs-abstracts-01	22274609	1	0	0
genetic-interaction-dbs-abstracts-01	22355353	0	0	1
genetic-interaction-dbs-abstracts-01	22912596	1	0	0
genetic-interaction-dbs-abstracts-01	23498974	0	1	0
genetic-interaction-dbs-abstracts-01	23950728	1	0	0
genetic-interaction-dbs-abstracts-01	24498054	0	1	0
genetic-interaction-dbs-abstracts-01	25512493	1	0	0
genetic-interaction-dbs-abstracts-01	25686494	0	1	0
genetic-interaction-dbs-abstracts-01	25690888	0	0	1
genetic-interaction-dbs-abstracts-01	26588485	0	1	0
genetic-interaction-dbs-abstracts-01	27350684	0	0	1
genetic-interaction-dbs-abstracts-01	27864078	1	0	0
genetic-interaction-dbs-abstracts-01	28446597	1	0	0
genetic-interaction-dbs-abstracts-01	29256860	0	1	0
genetic-interaction-dbs-abstracts-01	29643770	0	1	0
genetic-interaction-dbs-abstracts-01	31167145	1	0	0
physical-interaction-dbs-abstracts-01	3023863	1	0	0
physical-interaction-dbs-abstracts-01	6092944	1	0	0
physical-interaction-dbs-abstracts-01	7499293	1	0	0
physical-interaction-dbs-abstracts-01	7510017	0	0	1
physical-interaction-dbs-abstracts-01	7663514	1	0	0
physical-interaction-dbs-abstracts-01	7721857	1	0	0
physical-interaction-dbs-abstracts-01	7768431	0	1	0
physical-interaction-dbs-abstracts-01	7791785	1	0	0
physical-interaction-dbs-abstracts-01	7877695	0	1	0
physical-interaction-dbs-abstracts-01	8065341	1	0	0
physical-interaction-dbs-abstracts-01	8413252	1	0	0
physical-interaction-dbs-abstracts-01	8530401	1	0	0
physical-interaction-dbs-abstracts-01	8663178	1	0	0
physical-interaction-dbs-abstracts-01	8675028	0	1	0
physical-interaction-dbs-abstracts-01	8798676	1	0	0
physical-interaction-dbs-abstracts-01	8943321	1	0	0
physical-interaction-dbs-abstracts-01	8948587	0	0	1
physical-interaction-dbs-abstracts-01	9105043	1	0	0
physical-interaction-dbs-abstracts-01	9129143	1	0	0
physical-interaction-dbs-abstracts-01	9139698	1	0	0
physical-interaction-dbs-abstracts-01	9150262	0	0	1
physical-interaction-dbs-abstracts-01	9192873	1	0	0
physical-interaction-dbs-abstracts-01	9192902	1	0	0
physical-interaction-dbs-abstracts-01	9200449	0	1	0
physical-interaction-dbs-abstracts-01	9233773	0	1	0
physical-interaction-dbs-abstracts-01	9286678	1	0	0
physical-interaction-dbs-abstracts-01	9334334	1	0	0
physical-interaction-dbs-abstracts-01	9353267	1	0	0
physical-interaction-dbs-abstracts-01	9405296	1	0	0
physical-interaction-dbs-abstracts-01	9448000	0	0	1
physical-interaction-dbs-abstracts-01	9506992	0	0	1
physical-interaction-dbs-abstracts-01	9512491	0	1	0
physical-interaction-dbs-abstracts-01	9659924	1	0	0
physical-interaction-dbs-abstracts-01	9660765	1	0	0
physical-interaction-dbs-abstracts-01	9755200	1	0	0
physical-interaction-dbs-abstracts-01	9773983	1	0	0
physical-interaction-dbs-abstracts-01	9858532	0	0	1
physical-interaction-dbs-abstracts-01	10021333	0	0	1
physical-interaction-dbs-abstracts-01	10066374	1	0	0
physical-interaction-dbs-abstracts-01	10085129	1	0	0
physical-interaction-dbs-abstracts-01	10219085	1	0	0
physical-interaction-dbs-abstracts-01	10318773	1	0	0
physical-interaction-dbs-abstracts-01	10347142	1	0	0
physical-interaction-dbs-abstracts-01	10373463	1	0	0
physical-interaction-dbs-abstracts-01	10383393	1	0	0
physical-interaction-dbs-abstracts-01	10388812	1	0	0
physical-interaction-dbs-abstracts-01	10446169	0	0	1
physical-interaction-dbs-abstracts-01	10490593	1	0	0
physical-interaction-dbs-abstracts-01	10585443	1	0	0
physical-interaction-dbs-abstracts-01	10593883	1	0	0
physical-interaction-dbs-abstracts-01	10598587	1	0	0
physical-interaction-dbs-abstracts-01	10601333	1	0	0
physical-interaction-dbs-abstracts-01	10639338	1	0	0
physical-interaction-dbs-abstracts-01	10657632	1	0	0
physical-interaction-dbs-abstracts-01	10660620	1	0	0
physical-interaction-dbs-abstracts-01	10662640	1	0	0
physical-interaction-dbs-abstracts-01	10666337	0	0	1
physical-interaction-dbs-abstracts-01	10668096	0	0	1
physical-interaction-dbs-abstracts-01	10702271	1	0	0
physical-interaction-dbs-abstracts-01	10706618	1	0	0
physical-interaction-dbs-abstracts-01	10770935	0	0	1
physical-interaction-dbs-abstracts-01	10777215	1	0	0
physical-interaction-dbs-abstracts-01	10823908	1	0	0
physical-interaction-dbs-abstracts-01	10873650	1	0	0
physical-interaction-dbs-abstracts-01	10966114	1	0	0
physical-interaction-dbs-abstracts-01	10980697	1	0	0
physical-interaction-dbs-abstracts-01	11020388	1	0	0
physical-interaction-dbs-abstracts-01	11133992	0	0	1
physical-interaction-dbs-abstracts-01	11313464	0	0	1
physical-interaction-dbs-abstracts-01	11316790	1	0	0
physical-interaction-dbs-abstracts-01	11331609	1	0	0
physical-interaction-dbs-abstracts-01	11340081	1	0	0
physical-interaction-dbs-abstracts-01	11427533	1	0	0
physical-interaction-dbs-abstracts-01	11430826	1	0	0
physical-interaction-dbs-abstracts-01	11431474	1	0	0
physical-interaction-dbs-abstracts-01	11434923	1	0	0
physical-interaction-dbs-abstracts-01	11520069	0	0	1
physical-interaction-dbs-abstracts-01	11521196	0	0	1
physical-interaction-dbs-abstracts-01	11684012	0	1	0
physical-interaction-dbs-abstracts-01	11687965	1	0	0
physical-interaction-dbs-abstracts-01	11713274	0	0	1
physical-interaction-dbs-abstracts-01	11805286	1	0	0
physical-interaction-dbs-abstracts-01	11832247	1	0	0
physical-interaction-dbs-abstracts-01	11897782	0	0	1
physical-interaction-dbs-abstracts-01	11937504	1	0	0
physical-interaction-dbs-abstracts-01	11972058	1	0	0
physical-interaction-dbs-abstracts-01	12024017	0	1	0
physical-interaction-dbs-abstracts-01	12147681	1	0	0
physical-interaction-dbs-abstracts-01	12196557	0	0	1
physical-interaction-dbs-abstracts-01	12223469	0	1	0
physical-interaction-dbs-abstracts-01	12231510	0	1	0
physical-interaction-dbs-abstracts-01	12354775	1	0	0
physical-interaction-dbs-abstracts-01	12486103	0	1	0
physical-interaction-dbs-abstracts-01	12530964	1	0	0
physical-interaction-dbs-abstracts-01	12538644	0	1	0
physical-interaction-dbs-abstracts-01	12548019	0	0	1
physical-interaction-dbs-abstracts-01	12556489	1	0	0
physical-interaction-dbs-abstracts-01	12567184	1	0	0
physical-interaction-dbs-abstracts-01	12644454	0	1	0
physical-interaction-dbs-abstracts-01	12725728	1	0	0
physical-interaction-dbs-abstracts-01	12748172	0	0	1
physical-interaction-dbs-abstracts-01	12764130	1	0	0
physical-interaction-dbs-abstracts-01	12801916	0	0	1
physical-interaction-dbs-abstracts-01	12893824	1	0	0
physical-interaction-dbs-abstracts-01	12904571	1	0	0
physical-interaction-dbs-abstracts-01	12952949	1	0	0
physical-interaction-dbs-abstracts-01	14523005	0	1	0
physical-interaction-dbs-abstracts-01	14532282	1	0	0
physical-interaction-dbs-abstracts-01	14585995	0	0	1
physical-interaction-dbs-abstracts-01	14592967	1	0	0
physical-interaction-dbs-abstracts-01	14670962	0	0	1
physical-interaction-dbs-abstracts-01	14690596	1	0	0
physical-interaction-dbs-abstracts-01	14697212	1	0	0
physical-interaction-dbs-abstracts-01	14707132	0	1	0
physical-interaction-dbs-abstracts-01	14716005	1	0	0
physical-interaction-dbs-abstracts-01	14722103	1	0	0
physical-interaction-dbs-abstracts-01	14752096	0	0	1
physical-interaction-dbs-abstracts-01	14759370	0	0	1
physical-interaction-dbs-abstracts-01	14973287	0	1	0
physical-interaction-dbs-abstracts-01	15023524	1	0	0
physical-interaction-dbs-abstracts-01	15031145	1	0	0
physical-interaction-dbs-abstracts-01	15044620	1	0	0
physical-interaction-dbs-abstracts-01	15066998	1	0	0
physical-interaction-dbs-abstracts-01	15225555	0	1	0
physical-interaction-dbs-abstracts-01	15249135	1	0	0
physical-interaction-dbs-abstracts-01	15282304	0	1	0
physical-interaction-dbs-abstracts-01	15340068	1	0	0
physical-interaction-dbs-abstracts-01	15485920	0	0	1
physical-interaction-dbs-abstracts-01	15564593	1	0	0
physical-interaction-dbs-abstracts-01	15611133	1	0	0
physical-interaction-dbs-abstracts-01	15657046	1	0	0
physical-interaction-dbs-abstracts-01	15734730	1	0	0
physical-interaction-dbs-abstracts-01	15761952	1	0	0
physical-interaction-dbs-abstracts-01	15843474	0	0	1
physical-interaction-dbs-abstracts-01	15851033	1	0	0
physical-interaction-dbs-abstracts-01	15893728	0	1	0
physical-interaction-dbs-abstracts-01	15950904	1	0	0
physical-interaction-dbs-abstracts-01	16278047	0	1	0
physical-interaction-dbs-abstracts-01	16424009	1	0	0
physical-interaction-dbs-abstracts-01	16532030	1	0	0
physical-interaction-dbs-abstracts-01	16537444	0	1	0
physical-interaction-dbs-abstracts-01	16546083	0	1	0
physical-interaction-dbs-abstracts-01	16603259	1	0	0
physical-interaction-dbs-abstracts-01	16624818	1	0	0
physical-interaction-dbs-abstracts-01	16628230	0	1	0
physical-interaction-dbs-abstracts-01	16669786	1	0	0
physical-interaction-dbs-abstracts-01	16728531	0	0	1
physical-interaction-dbs-abstracts-01	16787403	0	1	0
physical-interaction-dbs-abstracts-01	16828831	0	1	0
physical-interaction-dbs-abstracts-01	16847311	1	0	0
physical-interaction-dbs-abstracts-01	16888342	0	1	0
physical-interaction-dbs-abstracts-01	17194709	0	0	1
physical-interaction-dbs-abstracts-01	17255944	1	0	0
physical-interaction-dbs-abstracts-01	17283187	0	1	0
physical-interaction-dbs-abstracts-01	17289570	1	0	0
physical-interaction-dbs-abstracts-01	17363573	0	0	1
physical-interaction-dbs-abstracts-01	17399687	0	1	0
physical-interaction-dbs-abstracts-01	17449811	0	0	1
physical-interaction-dbs-abstracts-01	17452446	0	1	0
physical-interaction-dbs-abstracts-01	17616590	1	0	0
physical-interaction-dbs-abstracts-01	17644729	1	0	0
physical-interaction-dbs-abstracts-01	17666399	0	1	0
physical-interaction-dbs-abstracts-01	17827148	1	0	0
physical-interaction-dbs-abstracts-01	17911105	1	0	0
physical-interaction-dbs-abstracts-01	17934456	1	0	0
physical-interaction-dbs-abstracts-01	17940067	0	0	1
physical-interaction-dbs-abstracts-01	17982102	1	0	0
physical-interaction-dbs-abstracts-01	18029035	0	1	0
physical-interaction-dbs-abstracts-01	18059533	1	0	0
physical-interaction-dbs-abstracts-01	18161010	0	1	0
physical-interaction-dbs-abstracts-01	18245485	1	0	0
physical-interaction-dbs-abstracts-01	18267004	1	0	0
physical-interaction-dbs-abstracts-01	18292223	0	1	0
physical-interaction-dbs-abstracts-01	18303054	1	0	0
physical-interaction-dbs-abstracts-01	18391200	0	0	1
physical-interaction-dbs-abstracts-01	18404153	1	0	0
physical-interaction-dbs-abstracts-01	18452947	1	0	0
physical-interaction-dbs-abstracts-01	18455122	0	1	0
physical-interaction-dbs-abstracts-01	18469165	1	0	0
physical-interaction-dbs-abstracts-01	18483193	1	0	0
physical-interaction-dbs-abstracts-01	18541373	0	1	0
physical-interaction-dbs-abstracts-01	18599869	1	0	0
physical-interaction-dbs-abstracts-01	18614577	1	0	0
physical-interaction-dbs-abstracts-01	18716324	0	1	0
physical-interaction-dbs-abstracts-01	18724389	0	0	1
physical-interaction-dbs-abstracts-01	18851830	1	0	0
physical-interaction-dbs-abstracts-01	19020623	1	0	0
physical-interaction-dbs-abstracts-01	19081374	1	0	0
physical-interaction-dbs-abstracts-01	19180643	0	1	0
physical-interaction-dbs-abstracts-01	19204372	1	0	0
physical-interaction-dbs-abstracts-01	19217404	0	1	0
physical-interaction-dbs-abstracts-01	19345189	1	0	0
physical-interaction-dbs-abstracts-01	19589782	1	0	0
physical-interaction-dbs-abstracts-01	19641493	1	0	0
physical-interaction-dbs-abstracts-01	19644450	1	0	0
physical-interaction-dbs-abstracts-01	19656901	0	1	0
physical-interaction-dbs-abstracts-01	19665973	1	0	0
physical-interaction-dbs-abstracts-01	19706536	1	0	0
physical-interaction-dbs-abstracts-01	19706605	0	0	1
physical-interaction-dbs-abstracts-01	19736312	1	0	0
physical-interaction-dbs-abstracts-01	19740108	1	0	0
physical-interaction-dbs-abstracts-01	19864490	1	0	0
physical-interaction-dbs-abstracts-01	19895577	1	0	0
physical-interaction-dbs-abstracts-01	19907488	0	1	0
physical-interaction-dbs-abstracts-01	19914245	1	0	0
physical-interaction-dbs-abstracts-01	19915589	1	0	0
physical-interaction-dbs-abstracts-01	19956254	0	1	0
physical-interaction-dbs-abstracts-01	20039095	0	1	0
physical-interaction-dbs-abstracts-01	20080676	1	0	0
physical-interaction-dbs-abstracts-01	20129057	1	0	0
physical-interaction-dbs-abstracts-01	20129058	0	0	1
physical-interaction-dbs-abstracts-01	20231902	0	1	0
physical-interaction-dbs-abstracts-01	20235143	1	0	0
physical-interaction-dbs-abstracts-01	20457806	1	0	0
physical-interaction-dbs-abstracts-01	20461437	1	0	0
physical-interaction-dbs-abstracts-01	20472562	0	1	0
physical-interaction-dbs-abstracts-01	20581295	0	1	0
physical-interaction-dbs-abstracts-01	20581839	1	0	0
physical-interaction-dbs-abstracts-01	20644630	0	1	0
physical-interaction-dbs-abstracts-01	20889753	1	0	0
physical-interaction-dbs-abstracts-01	21057548	0	1	0
physical-interaction-dbs-abstracts-01	21059642	1	0	0
physical-interaction-dbs-abstracts-01	21169485	1	0	0
physical-interaction-dbs-abstracts-01	21236256	0	0	1
physical-interaction-dbs-abstracts-01	21282610	1	0	0
physical-interaction-dbs-abstracts-01	21295699	0	1	0
physical-interaction-dbs-abstracts-01	21402695	1	0	0
physical-interaction-dbs-abstracts-01	21441902	0	1	0
physical-interaction-dbs-abstracts-01	21463458	1	0	0
physical-interaction-dbs-abstracts-01	21482778	1	0	0
physical-interaction-dbs-abstracts-01	21550984	1	0	0
physical-interaction-dbs-abstracts-01	21554248	0	0	1
physical-interaction-dbs-abstracts-01	21658004	1	0	0
physical-interaction-dbs-abstracts-01	21862668	0	1	0
physical-interaction-dbs-abstracts-01	21907821	0	1	0
physical-interaction-dbs-abstracts-01	21908597	0	1	0
physical-interaction-dbs-abstracts-01	21939639	0	1	0
physical-interaction-dbs-abstracts-01	22009753	0	1	0
physical-interaction-dbs-abstracts-01	22064484	1	0	0
physical-interaction-dbs-abstracts-01	22155231	1	0	0
physical-interaction-dbs-abstracts-01	22159419	1	0	0
physical-interaction-dbs-abstracts-01	22160715	0	1	0
physical-interaction-dbs-abstracts-01	22196728	1	0	0
physical-interaction-dbs-abstracts-01	22210188	0	1	0
physical-interaction-dbs-abstracts-01	22238360	1	0	0
physical-interaction-dbs-abstracts-01	22371489	0	1	0
physical-interaction-dbs-abstracts-01	22372618	0	1	0
physical-interaction-dbs-abstracts-01	22403410	1	0	0
physical-interaction-dbs-abstracts-01	22815787	0	1	0
physical-interaction-dbs-abstracts-01	22869600	1	0	0
physical-interaction-dbs-abstracts-01	22888118	1	0	0
physical-interaction-dbs-abstracts-01	22904036	0	1	0
physical-interaction-dbs-abstracts-01	22916032	1	0	0
physical-interaction-dbs-abstracts-01	23022381	0	1	0
physical-interaction-dbs-abstracts-01	23028367	1	0	0
physical-interaction-dbs-abstracts-01	23033541	0	1	0
physical-interaction-dbs-abstracts-01	23063561	1	0	0
physical-interaction-dbs-abstracts-01	23212305	0	1	0
physical-interaction-dbs-abstracts-01	23233753	1	0	0
physical-interaction-dbs-abstracts-01	23393134	0	1	0
physical-interaction-dbs-abstracts-01	23439680	1	0	0
physical-interaction-dbs-abstracts-01	23446637	0	1	0
physical-interaction-dbs-abstracts-01	23524851	1	0	0
physical-interaction-dbs-abstracts-01	23543736	1	0	0
physical-interaction-dbs-abstracts-01	23571212	0	0	1
physical-interaction-dbs-abstracts-01	23772552	1	0	0
physical-interaction-dbs-abstracts-01	23802716	0	0	1
physical-interaction-dbs-abstracts-01	23810392	0	0	1
physical-interaction-dbs-abstracts-01	24107629	1	0	0
physical-interaction-dbs-abstracts-01	24163432	0	1	0
physical-interaction-dbs-abstracts-01	24186360	1	0	0
physical-interaction-dbs-abstracts-01	24385939	1	0	0
physical-interaction-dbs-abstracts-01	24498436	0	0	1
physical-interaction-dbs-abstracts-01	24515439	1	0	0
physical-interaction-dbs-abstracts-01	24655550	1	0	0
physical-interaction-dbs-abstracts-01	24751536	0	1	0
physical-interaction-dbs-abstracts-01	24803650	0	1	0
physical-interaction-dbs-abstracts-01	24807265	0	1	0
physical-interaction-dbs-abstracts-01	24939707	1	0	0
physical-interaction-dbs-abstracts-01	25010066	0	0	1
physical-interaction-dbs-abstracts-01	25024377	1	0	0
physical-interaction-dbs-abstracts-01	25161659	0	1	0
physical-interaction-dbs-abstracts-01	25299333	1	0	0
physical-interaction-dbs-abstracts-01	25362487	1	0	0
physical-interaction-dbs-abstracts-01	25453753	0	1	0
physical-interaction-dbs-abstracts-01	25463393	1	0	0
physical-interaction-dbs-abstracts-01	25543256	0	0	1
physical-interaction-dbs-abstracts-01	25588830	1	0	0
physical-interaction-dbs-abstracts-01	25602519	0	0	1
physical-interaction-dbs-abstracts-01	25756347	1	0	0
physical-interaction-dbs-abstracts-01	26071132	1	0	0
physical-interaction-dbs-abstracts-01	26126536	0	1	0
physical-interaction-dbs-abstracts-01	26251439	1	0	0
physical-interaction-dbs-abstracts-01	26542710	0	1	0
physical-interaction-dbs-abstracts-01	26553926	1	0	0
physical-interaction-dbs-abstracts-01	26675234	0	1	0
physical-interaction-dbs-abstracts-01	26960795	1	0	0
physical-interaction-dbs-abstracts-01	26996158	0	1	0
physical-interaction-dbs-abstracts-01	27018634	1	0	0
physical-interaction-dbs-abstracts-01	27044741	0	1	0
physical-interaction-dbs-abstracts-01	27233966	1	0	0
physical-interaction-dbs-abstracts-01	27334688	0	1	0
physical-interaction-dbs-abstracts-01	27416755	1	0	0
physical-interaction-dbs-abstracts-01	27462423	0	1	0
physical-interaction-dbs-abstracts-01	27490928	1	0	0
physical-interaction-dbs-abstracts-01	27578797	0	0	1
physical-interaction-dbs-abstracts-01	27704052	1	0	0
physical-interaction-dbs-abstracts-01	27751725	0	0	1
physical-interaction-dbs-abstracts-01	29066499	1	0	0
physical-interaction-dbs-abstracts-01	29283431	0	0	1
physical-interaction-dbs-abstracts-01	29587144	1	0	0
physical-interaction-dbs-abstracts-01	29666278	0	0	1
physical-interaction-dbs-abstracts-01	30057274	1	0	0
physical-interaction-dbs-abstracts-02	147195	1	0	0
physical-interaction-dbs-abstracts-02	2843516	0	0	1
physical-interaction-dbs-abstracts-02	7556078	0	1	0
physical-interaction-dbs-abstracts-02	7667268	1	0	0
physical-interaction-dbs-abstracts-02	8156587	0	1	0
physical-interaction-dbs-abstracts-02	8628258	1	0	0
physical-interaction-dbs-abstracts-02	8861913	0	1	0
physical-interaction-dbs-abstracts-02	8905624	1	0	0
physical-interaction-dbs-abstracts-02	9032232	1	0	0
physical-interaction-dbs-abstracts-02	9115440	1	0	0
physical-interaction-dbs-abstracts-02	9199164	0	1	0
physical-interaction-dbs-abstracts-02	9651577	1	0	0
physical-interaction-dbs-abstracts-02	9751051	0	1	0
physical-interaction-dbs-abstracts-02	9812988	1	0	0
physical-interaction-dbs-abstracts-02	10091581	1	0	0
physical-interaction-dbs-abstracts-02	10387016	0	1	0
physical-interaction-dbs-abstracts-02	10469171	1	0	0
physical-interaction-dbs-abstracts-02	10753746	1	0	0
physical-interaction-dbs-abstracts-02	11027271	1	0	0
physical-interaction-dbs-abstracts-02	11073998	0	1	0
physical-interaction-dbs-abstracts-02	11248038	0	1	0
physical-interaction-dbs-abstracts-02	11337495	1	0	0
physical-interaction-dbs-abstracts-02	11535594	1	0	0
physical-interaction-dbs-abstracts-02	12021245	0	0	1
physical-interaction-dbs-abstracts-02	12022229	1	0	0
physical-interaction-dbs-abstracts-02	12167593	0	1	0
physical-interaction-dbs-abstracts-02	12185196	1	0	0
physical-interaction-dbs-abstracts-02	12234931	0	1	0
physical-interaction-dbs-abstracts-02	12242221	1	0	0
physical-interaction-dbs-abstracts-02	12361598	1	0	0
physical-interaction-dbs-abstracts-02	12815069	0	0	1
physical-interaction-dbs-abstracts-02	12956952	1	0	0
physical-interaction-dbs-abstracts-02	14500836	0	0	1
physical-interaction-dbs-abstracts-02	15107829	0	1	0
physical-interaction-dbs-abstracts-02	15165234	1	0	0
physical-interaction-dbs-abstracts-02	15165235	1	0	0
physical-interaction-dbs-abstracts-02	15292171	1	0	0
physical-interaction-dbs-abstracts-02	15314162	0	1	0
physical-interaction-dbs-abstracts-02	15458640	0	1	0
physical-interaction-dbs-abstracts-02	15937324	1	0	0
physical-interaction-dbs-abstracts-02	16055508	0	0	1
physical-interaction-dbs-abstracts-02	16081735	1	0	0
physical-interaction-dbs-abstracts-02	16177062	0	0	1
physical-interaction-dbs-abstracts-02	16198295	1	0	0
physical-interaction-dbs-abstracts-02	16420575	1	0	0
physical-interaction-dbs-abstracts-02	16537387	0	1	0
physical-interaction-dbs-abstracts-02	16631741	1	0	0
physical-interaction-dbs-abstracts-02	18248821	0	1	0
physical-interaction-dbs-abstracts-02	18656477	1	0	0
physical-interaction-dbs-abstracts-02	19185494	1	0	0
physical-interaction-dbs-abstracts-02	19276361	0	0	1
physical-interaction-dbs-abstracts-02	19351902	1	0	0
physical-interaction-dbs-abstracts-02	19786833	1	0	0
physical-interaction-dbs-abstracts-02	19906707	1	0	0
physical-interaction-dbs-abstracts-02	20406818	0	0	1
physical-interaction-dbs-abstracts-02	20856203	1	0	0
physical-interaction-dbs-abstracts-02	21059949	0	1	0
physical-interaction-dbs-abstracts-02	21189291	1	0	0
physical-interaction-dbs-abstracts-02	21237705	0	0	1
physical-interaction-dbs-abstracts-02	21266407	0	0	1
physical-interaction-dbs-abstracts-02	21806555	1	0	0
physical-interaction-dbs-abstracts-02	21827752	0	0	1
physical-interaction-dbs-abstracts-02	22033972	0	0	1
physical-interaction-dbs-abstracts-02	22194618	0	0	1
physical-interaction-dbs-abstracts-02	22334690	0	1	0
physical-interaction-dbs-abstracts-02	22940692	1	0	0
physical-interaction-dbs-abstracts-02	23319600	0	1	0
physical-interaction-dbs-abstracts-02	23760157	1	0	0
physical-interaction-dbs-abstracts-02	23762398	1	0	0
physical-interaction-dbs-abstracts-02	23867819	0	1	0
physical-interaction-dbs-abstracts-02	23873864	1	0	0
physical-interaction-dbs-abstracts-02	24652835	0	1	0
physical-interaction-dbs-abstracts-02	25074811	1	0	0
physical-interaction-dbs-abstracts-02	25281559	0	1	0
physical-interaction-dbs-abstracts-02	25562780	1	0	0
physical-interaction-dbs-abstracts-02	25683140	1	0	0
physical-interaction-dbs-abstracts-02	25999965	0	1	0
physical-interaction-dbs-abstracts-02	26621829	0	1	0
physical-interaction-dbs-abstracts-02	26787927	1	0	0
physical-interaction-dbs-abstracts-02	26906425	1	0	0
physical-interaction-dbs-abstracts-02	26972597	0	1	0
physical-interaction-dbs-abstracts-02	27120157	0	0	1
physical-interaction-dbs-abstracts-02	27449295	1	0	0
physical-interaction-dbs-abstracts-02	28447717	1	0	0
physical-interaction-dbs-abstracts-02	28815832	0	1	0
physical-interaction-dbs-abstracts-02	30037213	0	1	0
physical-interaction-dbs-abstracts-02	30293565	1	0	0
physical-interaction-dbs-full-texts-01	11381092_36	1	0	0
physical-interaction-dbs-full-texts-01	11916983_21	0	1	0
physical-interaction-dbs-full-texts-01	15477347_19	1	0	0
physical-interaction-dbs-full-texts-01	16505166_15	0	1	0
physical-interaction-dbs-full-texts-01	17412707_15	1	0	0
physical-interaction-dbs-full-texts-01	17932071_40	0	0	1
physical-interaction-dbs-full-texts-01	18086185_19	1	0	0
physical-interaction-dbs-full-texts-01	18226226_30	1	0	0
physical-interaction-dbs-full-texts-01	18268101_52	1	0	0
physical-interaction-dbs-full-texts-01	18701287_18	0	1	0
physical-interaction-dbs-full-texts-01	18805088_21	1	0	0
physical-interaction-dbs-full-texts-01	18819927_23	0	1	0
physical-interaction-dbs-full-texts-01	19033358_19	1	0	0
physical-interaction-dbs-full-texts-01	19141288_18	0	1	0
physical-interaction-dbs-full-texts-01	19170545_30	1	0	0
physical-interaction-dbs-full-texts-01	19325078_4	0	0	1
physical-interaction-dbs-full-texts-01	19400795_40	1	0	0
physical-interaction-dbs-full-texts-01	19748354_11	1	0	0
physical-interaction-dbs-full-texts-01	19801575_21	1	0	0
physical-interaction-dbs-full-texts-01	19837034_29	0	0	1
physical-interaction-dbs-full-texts-01	20019888_2	1	0	0
physical-interaction-dbs-full-texts-01	20027290_27	1	0	0
physical-interaction-dbs-full-texts-01	20123736_8	0	1	0
physical-interaction-dbs-full-texts-01	20346719_42	0	1	0
physical-interaction-dbs-full-texts-01	20462493_9	1	0	0
physical-interaction-dbs-full-texts-01	20541251_2	0	1	0
physical-interaction-dbs-full-texts-01	20832753_2	0	0	1
physical-interaction-dbs-full-texts-01	20861300_28	1	0	0
physical-interaction-dbs-full-texts-01	21106837_41	1	0	0
physical-interaction-dbs-full-texts-01	21422170_19	1	0	0
physical-interaction-dbs-full-texts-01	21505799_30	0	0	1
physical-interaction-dbs-full-texts-01	21508314_8	1	0	0
physical-interaction-dbs-full-texts-01	21655263_8	1	0	0
physical-interaction-dbs-full-texts-01	21700221_12	0	0	1
physical-interaction-dbs-full-texts-01	21726809_6	0	1	0
physical-interaction-dbs-full-texts-01	21780778_17	1	0	0
physical-interaction-dbs-full-texts-01	22086907_3	0	0	1
physical-interaction-dbs-full-texts-01	22153499_7	1	0	0
physical-interaction-dbs-full-texts-01	22157895_12	1	0	0
physical-interaction-dbs-full-texts-01	22192413_13	0	1	0
physical-interaction-dbs-full-texts-01	22337771_36	1	0	0
physical-interaction-dbs-full-texts-01	22363753_26	0	0	1
physical-interaction-dbs-full-texts-01	22368268_37	1	0	0
physical-interaction-dbs-full-texts-01	22419819_14	1	0	0
physical-interaction-dbs-full-texts-01	22579286_14	1	0	0
physical-interaction-dbs-full-texts-01	22655036_2	0	1	0
physical-interaction-dbs-full-texts-01	22723847_14	1	0	0
physical-interaction-dbs-full-texts-01	22820378_8	0	1	0
physical-interaction-dbs-full-texts-01	22829779_13	1	0	0
physical-interaction-dbs-full-texts-01	22902537_4	1	0	0
physical-interaction-dbs-full-texts-01	23022657_23	0	0	1
physical-interaction-dbs-full-texts-01	23029530_31	1	0	0
physical-interaction-dbs-full-texts-01	23082118_20	1	0	0
physical-interaction-dbs-full-texts-01	23322046_16	0	0	1
physical-interaction-dbs-full-texts-01	23499533_3	0	0	1
physical-interaction-dbs-full-texts-01	23538446_18	0	1	0
physical-interaction-dbs-full-texts-01	23604122_17	0	0	1
physical-interaction-dbs-full-texts-01	23863747_3	0	0	1
physical-interaction-dbs-full-texts-01	23977061_41	0	1	0
physical-interaction-dbs-full-texts-01	24004414_8	1	0	0
physical-interaction-dbs-full-texts-01	24183574_13	0	1	0
physical-interaction-dbs-full-texts-01	24497193_44	1	0	0
physical-interaction-dbs-full-texts-01	24586161_20	1	0	0
physical-interaction-dbs-full-texts-01	25087511_5	0	0	1
physical-interaction-dbs-full-texts-01	25117454_9	1	0	0
physical-interaction-dbs-full-texts-01	25294831_10	0	0	1
physical-interaction-dbs-full-texts-01	25329897_3	0	0	1
physical-interaction-dbs-full-texts-01	25380047_22	0	0	1
physical-interaction-dbs-full-texts-01	25432955_15	1	0	0
physical-interaction-dbs-full-texts-01	25767875_9	1	0	0
physical-interaction-dbs-full-texts-01	25806814_32	1	0	0
physical-interaction-dbs-full-texts-01	26141599_24	0	1	0
physical-interaction-dbs-full-texts-01	26398169_27	1	0	0
physical-interaction-dbs-full-texts-01	26436452_10	1	0	0
physical-interaction-dbs-full-texts-01	26438829_2	0	1	0
physical-interaction-dbs-full-texts-01	26522722_18	1	0	0
physical-interaction-dbs-full-texts-01	26658609_8	1	0	0
physical-interaction-dbs-full-texts-01	26686640_10	1	0	0
physical-interaction-dbs-full-texts-01	26744777_36	1	0	0
physical-interaction-dbs-full-texts-01	26769854_44	1	0	0
physical-interaction-dbs-full-texts-01	26845565_2	1	0	0
physical-interaction-dbs-full-texts-01	27068241_3	1	0	0
physical-interaction-dbs-full-texts-01	27098453_9	0	0	1
physical-interaction-dbs-full-texts-01	27184621_26	1	0	0
physical-interaction-dbs-full-texts-01	27591258_21	1	0	0
physical-interaction-dbs-full-texts-01	27678521_19	0	1	0
physical-interaction-dbs-full-texts-01	27725644_10	1	0	0
physical-interaction-dbs-full-texts-01	27986851_21	0	1	0
physical-interaction-dbs-full-texts-01	28152516_16	0	0	1
physical-interaction-dbs-full-texts-01	28198361_37	0	0	1
physical-interaction-dbs-full-texts-01	28276439_10	1	0	0
physical-interaction-dbs-full-texts-01	28369605_31	1	0	0
physical-interaction-dbs-full-texts-01	28604676_15	1	0	0
physical-interaction-dbs-full-texts-01	28784611_2	1	0	0
physical-interaction-dbs-full-texts-01	28888970_35	0	1	0
physical-interaction-dbs-full-texts-01	29540529_15	1	0	0
physical-interaction-dbs-full-texts-01	29650645_27	1	0	0
physical-interaction-dbs-full-texts-01	29738715_5	0	1	0
physical-interaction-dbs-full-texts-01	29769724_7	1	0	0
physical-interaction-dbs-full-texts-01	9348293_33	0	0	1
physical-interaction-dbs-full-texts-02	10189366_50	0	0	1
physical-interaction-dbs-full-texts-02	10352017_34	1	0	0
physical-interaction-dbs-full-texts-02	10491391_27	1	0	0
physical-interaction-dbs-full-texts-02	10613896_16	1	0	0
physical-interaction-dbs-full-texts-02	10704443_5	0	1	0
physical-interaction-dbs-full-texts-02	10831604_18	1	0	0
physical-interaction-dbs-full-texts-02	11502761_6	1	0	0
physical-interaction-dbs-full-texts-02	12147674_2	1	0	0
physical-interaction-dbs-full-texts-02	12810701_39	1	0	0
physical-interaction-dbs-full-texts-02	12835311_37	1	0	0
physical-interaction-dbs-full-texts-02	14504268_7	1	0	0
physical-interaction-dbs-full-texts-02	14612908_11	1	0	0
physical-interaction-dbs-full-texts-02	14966532_14	0	1	0
physical-interaction-dbs-full-texts-02	15520228_40	1	0	0
physical-interaction-dbs-full-texts-02	15928207_16	1	0	0
physical-interaction-dbs-full-texts-02	16100378_25	0	1	0
physical-interaction-dbs-full-texts-02	16380507_12	1	0	0
physical-interaction-dbs-full-texts-02	16429164_36	0	0	1
physical-interaction-dbs-full-texts-02	16600900_6	1	0	0
physical-interaction-dbs-full-texts-02	16710445_21	1	0	0
physical-interaction-dbs-full-texts-02	16772401_2	1	0	0
physical-interaction-dbs-full-texts-02	16772403_6	1	0	0
physical-interaction-dbs-full-texts-02	17205132_45	1	0	0
physical-interaction-dbs-full-texts-02	17215295_23	1	0	0
physical-interaction-dbs-full-texts-02	17875743_15	1	0	0
physical-interaction-dbs-full-texts-02	17932050_31	1	0	0
physical-interaction-dbs-full-texts-02	18039934_11	1	0	0
physical-interaction-dbs-full-texts-02	18056411_52	1	0	0
physical-interaction-dbs-full-texts-02	18171471_7	1	0	0
physical-interaction-dbs-full-texts-02	18266467_7	1	0	0
physical-interaction-dbs-full-texts-02	18312697_17	1	0	0
physical-interaction-dbs-full-texts-02	18586671_2	1	0	0
physical-interaction-dbs-full-texts-02	18614681_5	1	0	0
physical-interaction-dbs-full-texts-02	18665226_18	1	0	0
physical-interaction-dbs-full-texts-02	18676843_7	1	0	0
physical-interaction-dbs-full-texts-02	18794845_21	1	0	0
physical-interaction-dbs-full-texts-02	18818768_15	1	0	0
physical-interaction-dbs-full-texts-02	18828915_31	1	0	0
physical-interaction-dbs-full-texts-02	18836575_16	1	0	0
physical-interaction-dbs-full-texts-02	18987006_25	1	0	0
physical-interaction-dbs-full-texts-02	19155274_26	1	0	0
physical-interaction-dbs-full-texts-02	19164706_5	0	1	0
physical-interaction-dbs-full-texts-02	19174556_8	1	0	0
physical-interaction-dbs-full-texts-02	19183285_19	1	0	0
physical-interaction-dbs-full-texts-02	19194460_9	1	0	0
physical-interaction-dbs-full-texts-02	19223320_17	1	0	0
physical-interaction-dbs-full-texts-02	19324890_5	0	0	1
physical-interaction-dbs-full-texts-02	19328066_4	1	0	0
physical-interaction-dbs-full-texts-02	19363486_7	1	0	0
physical-interaction-dbs-full-texts-02	19414608_38	0	1	0
physical-interaction-dbs-full-texts-02	19415799_9	0	0	1
physical-interaction-dbs-full-texts-02	19422020_24	0	0	1
physical-interaction-dbs-full-texts-02	19490898_3	1	0	0
physical-interaction-dbs-full-texts-02	19517013_23	0	1	0
physical-interaction-dbs-full-texts-02	19557011_8	1	0	0
physical-interaction-dbs-full-texts-02	19564354_6	0	1	0
physical-interaction-dbs-full-texts-02	19580544_2	1	0	0
physical-interaction-dbs-full-texts-02	19580641_30	1	0	0
physical-interaction-dbs-full-texts-02	19637179_9	0	0	1
physical-interaction-dbs-full-texts-02	19684574_7	0	0	1
physical-interaction-dbs-full-texts-02	19730691_3	0	0	1
physical-interaction-dbs-full-texts-02	19736319_36	1	0	0
physical-interaction-dbs-full-texts-02	19806181_9	1	0	0
physical-interaction-dbs-full-texts-02	19816584_17	1	0	0
physical-interaction-dbs-full-texts-02	19909498_37	0	1	0
physical-interaction-dbs-full-texts-02	20015075_24	1	0	0
physical-interaction-dbs-full-texts-02	20016009_46	1	0	0
physical-interaction-dbs-full-texts-02	20122400_3	0	0	1
physical-interaction-dbs-full-texts-02	20159461_50	1	0	0
physical-interaction-dbs-full-texts-02	20208568_12	1	0	0
physical-interaction-dbs-full-texts-02	20214800_12	1	0	0
physical-interaction-dbs-full-texts-02	20230746_10	0	1	0
physical-interaction-dbs-full-texts-02	20357004_11	1	0	0
physical-interaction-dbs-full-texts-02	20392822_8	1	0	0
physical-interaction-dbs-full-texts-02	20399185_4	1	0	0
physical-interaction-dbs-full-texts-02	20404999_54	1	0	0
physical-interaction-dbs-full-texts-02	20427570_13	0	0	1
physical-interaction-dbs-full-texts-02	20458611_11	1	0	0
physical-interaction-dbs-full-texts-02	20478292_5	1	0	0
physical-interaction-dbs-full-texts-02	20483783_41	1	0	0
physical-interaction-dbs-full-texts-02	20599890_24	1	0	0
physical-interaction-dbs-full-texts-02	20603073_17	0	0	1
physical-interaction-dbs-full-texts-02	20701745_25	1	0	0
physical-interaction-dbs-full-texts-02	20797779_6	0	0	1
physical-interaction-dbs-full-texts-02	20808795_28	1	0	0
physical-interaction-dbs-full-texts-02	20816984_34	0	0	1
physical-interaction-dbs-full-texts-02	20832728_7	1	0	0
physical-interaction-dbs-full-texts-02	20857416_4	1	0	0
physical-interaction-dbs-full-texts-02	20886085_27	1	0	0
physical-interaction-dbs-full-texts-02	20947020_14	1	0	0
physical-interaction-dbs-full-texts-02	20953180_26	1	0	0
physical-interaction-dbs-full-texts-02	21063388_2	0	1	0
physical-interaction-dbs-full-texts-02	21085673_4	1	0	0
physical-interaction-dbs-full-texts-02	21087996_14	1	0	0
physical-interaction-dbs-full-texts-02	21215368_2	1	0	0
physical-interaction-dbs-full-texts-02	21273419_34	1	0	0
physical-interaction-dbs-full-texts-02	21283673_31	0	0	1
physical-interaction-dbs-full-texts-02	21296186_39	1	0	0
physical-interaction-dbs-full-texts-02	21317882_2	1	0	0
physical-interaction-dbs-full-texts-02	21335086_41	0	0	1
physical-interaction-dbs-full-texts-02	21336276_4	0	0	1
physical-interaction-dbs-full-texts-02	21347277_5	0	0	1
physical-interaction-dbs-full-texts-02	21366928_31	1	0	0
physical-interaction-dbs-full-texts-02	21397184_30	0	1	0
physical-interaction-dbs-full-texts-02	21418516_7	1	0	0
physical-interaction-dbs-full-texts-02	21423721_12	1	0	0
physical-interaction-dbs-full-texts-02	21430779_2	1	0	0
physical-interaction-dbs-full-texts-02	21481793_33	1	0	0
physical-interaction-dbs-full-texts-02	21496646_25	0	1	0
physical-interaction-dbs-full-texts-02	21539536_10	1	0	0
physical-interaction-dbs-full-texts-02	21573187_5	1	0	0
physical-interaction-dbs-full-texts-02	21586138_38	1	0	0
physical-interaction-dbs-full-texts-02	21596310_6	1	0	0
physical-interaction-dbs-full-texts-02	21680708_9	1	0	0
physical-interaction-dbs-full-texts-02	21685908_17	0	0	1
physical-interaction-dbs-full-texts-02	21685921_32	0	1	0
physical-interaction-dbs-full-texts-02	21700227_24	1	0	0
physical-interaction-dbs-full-texts-02	21738568_5	1	0	0
physical-interaction-dbs-full-texts-02	21825073_28	1	0	0
physical-interaction-dbs-full-texts-02	21831924_36	1	0	0
physical-interaction-dbs-full-texts-02	21857973_19	1	0	0
physical-interaction-dbs-full-texts-02	21859860_7	1	0	0
physical-interaction-dbs-full-texts-02	21873985_6	1	0	0
physical-interaction-dbs-full-texts-02	21884581_16	1	0	0
physical-interaction-dbs-full-texts-02	21982743_14	1	0	0
physical-interaction-dbs-full-texts-02	21985068_5	0	1	0
physical-interaction-dbs-full-texts-02	22164301_19	1	0	0
physical-interaction-dbs-full-texts-02	22210895_36	0	1	0
physical-interaction-dbs-full-texts-02	22328055_45	0	1	0
physical-interaction-dbs-full-texts-02	22334672_50	1	0	0
physical-interaction-dbs-full-texts-02	22405651_35	1	0	0
physical-interaction-dbs-full-texts-02	22456504_40	1	0	0
physical-interaction-dbs-full-texts-02	22483617_38	1	0	0
physical-interaction-dbs-full-texts-02	22532808_13	0	0	1
physical-interaction-dbs-full-texts-02	22579246_3	0	1	0
physical-interaction-dbs-full-texts-02	22606318_15	0	0	1
physical-interaction-dbs-full-texts-02	22623373_2	1	0	0
physical-interaction-dbs-full-texts-02	22666434_17	0	1	0
physical-interaction-dbs-full-texts-02	22675546_10	0	1	0
physical-interaction-dbs-full-texts-02	22801410_10	1	0	0
physical-interaction-dbs-full-texts-02	22833611_6	0	1	0
physical-interaction-dbs-full-texts-02	22921828_17	1	0	0
physical-interaction-dbs-full-texts-02	22927463_32	1	0	0
physical-interaction-dbs-full-texts-02	22939628_3	1	0	0
physical-interaction-dbs-full-texts-02	22956767_5	1	0	0
physical-interaction-dbs-full-texts-02	22958824_7	0	0	1
physical-interaction-dbs-full-texts-02	23002146_25	0	1	0
physical-interaction-dbs-full-texts-02	23007651_10	1	0	0
physical-interaction-dbs-full-texts-02	23022382_20	0	0	1
physical-interaction-dbs-full-texts-02	23028987_19	1	0	0
physical-interaction-dbs-full-texts-02	23071723_11	1	0	0
physical-interaction-dbs-full-texts-02	23088497_17	0	1	0
physical-interaction-dbs-full-texts-02	23106124_61	0	1	0
physical-interaction-dbs-full-texts-02	23116333_17	1	0	0
physical-interaction-dbs-full-texts-02	23155421_7	1	0	0
physical-interaction-dbs-full-texts-02	23164639_15	1	0	0
physical-interaction-dbs-full-texts-02	23172285_4	0	0	1
physical-interaction-dbs-full-texts-02	23203805_17	1	0	0
physical-interaction-dbs-full-texts-02	23240775_5	1	0	0
physical-interaction-dbs-full-texts-02	23267009_15	0	0	1
physical-interaction-dbs-full-texts-02	23332754_20	1	0	0
physical-interaction-dbs-full-texts-02	23344040_14	0	0	1
physical-interaction-dbs-full-texts-02	23372810_8	1	0	0
physical-interaction-dbs-full-texts-02	23395181_23	1	0	0
physical-interaction-dbs-full-texts-02	23427262_17	1	0	0
physical-interaction-dbs-full-texts-02	23505436_6	1	0	0
physical-interaction-dbs-full-texts-02	23514615_10	1	0	0
physical-interaction-dbs-full-texts-02	23590194_17	0	1	0
physical-interaction-dbs-full-texts-02	23620299_19	1	0	0
physical-interaction-dbs-full-texts-02	23644657_5	1	0	0
physical-interaction-dbs-full-texts-02	23659632_6	1	0	0
physical-interaction-dbs-full-texts-02	23685356_31	0	0	1
physical-interaction-dbs-full-texts-02	23755176_12	1	0	0
physical-interaction-dbs-full-texts-02	23772394_2	0	1	0
physical-interaction-dbs-full-texts-02	23837592_13	1	0	0
physical-interaction-dbs-full-texts-02	23840694_26	0	0	1
physical-interaction-dbs-full-texts-02	23850456_32	1	0	0
physical-interaction-dbs-full-texts-02	24086155_31	1	0	0
physical-interaction-dbs-full-texts-02	24167549_18	0	0	1
physical-interaction-dbs-full-texts-02	24214892_31	0	0	1
physical-interaction-dbs-full-texts-02	24244684_7	1	0	0
physical-interaction-dbs-full-texts-02	24249678_14	1	0	0
physical-interaction-dbs-full-texts-02	24339748_21	1	0	0
physical-interaction-dbs-full-texts-02	24422557_15	1	0	0
physical-interaction-dbs-full-texts-02	24460703_20	1	0	0
physical-interaction-dbs-full-texts-02	24465968_22	0	1	0
physical-interaction-dbs-full-texts-02	24466140_9	1	0	0
physical-interaction-dbs-full-texts-02	24474193_5	1	0	0
physical-interaction-dbs-full-texts-02	24508166_4	0	1	0
physical-interaction-dbs-full-texts-02	24560702_19	1	0	0
physical-interaction-dbs-full-texts-02	24586788_30	1	0	0
physical-interaction-dbs-full-texts-02	24608665_11	1	0	0
physical-interaction-dbs-full-texts-02	24687279_13	1	0	0
physical-interaction-dbs-full-texts-02	24725409_17	1	0	0
physical-interaction-dbs-full-texts-02	24753409_36	0	1	0
physical-interaction-dbs-full-texts-02	24771766_9	1	0	0
physical-interaction-dbs-full-texts-02	24793696_5	1	0	0
physical-interaction-dbs-full-texts-02	24841564_13	0	1	0
physical-interaction-dbs-full-texts-02	24875629_59	1	0	0
physical-interaction-dbs-full-texts-02	24876489_7	1	0	0
physical-interaction-dbs-full-texts-02	24894996_5	1	0	0
physical-interaction-dbs-full-texts-02	24899312_36	1	0	0
physical-interaction-dbs-full-texts-02	24901770_9	1	0	0
physical-interaction-dbs-full-texts-02	24977345_12	0	0	1
physical-interaction-dbs-full-texts-02	25002145_10	1	0	0
physical-interaction-dbs-full-texts-02	25121504_16	0	0	1
physical-interaction-dbs-full-texts-02	25144774_28	1	0	0
physical-interaction-dbs-full-texts-02	25161877_7	1	0	0
physical-interaction-dbs-full-texts-02	25233328_4	0	0	1
physical-interaction-dbs-full-texts-02	25254656_57	1	0	0
physical-interaction-dbs-full-texts-02	25295044_33	0	0	1
physical-interaction-dbs-full-texts-02	25314967_26	1	0	0
physical-interaction-dbs-full-texts-02	25340333_20	0	0	1
physical-interaction-dbs-full-texts-02	25457772_18	1	0	0
physical-interaction-dbs-full-texts-02	25472718_12	0	1	0
physical-interaction-dbs-full-texts-02	25569479_19	0	0	1
physical-interaction-dbs-full-texts-02	25694512_19	1	0	0
physical-interaction-dbs-full-texts-02	25703348_34	0	1	0
physical-interaction-dbs-full-texts-02	25759021_16	1	0	0
physical-interaction-dbs-full-texts-02	25795664_10	0	0	1
physical-interaction-dbs-full-texts-02	25938661_25	0	0	1
physical-interaction-dbs-full-texts-02	26002084_4	1	0	0
physical-interaction-dbs-full-texts-02	26002470_19	1	0	0
physical-interaction-dbs-full-texts-02	26041935_5	1	0	0
physical-interaction-dbs-full-texts-02	26052893_5	0	0	1
physical-interaction-dbs-full-texts-02	26243146_43	1	0	0
physical-interaction-dbs-full-texts-02	26317213_16	1	0	0
physical-interaction-dbs-full-texts-02	26320581_12	1	0	0
physical-interaction-dbs-full-texts-02	26496426_19	0	1	0
physical-interaction-dbs-full-texts-02	26539911_15	1	0	0
physical-interaction-dbs-full-texts-02	26651479_12	0	0	1
physical-interaction-dbs-full-texts-02	26704982_23	1	0	0
physical-interaction-dbs-full-texts-02	26749448_6	1	0	0
physical-interaction-dbs-full-texts-02	26751774_8	1	0	0
physical-interaction-dbs-full-texts-02	26789245_20	0	1	0
physical-interaction-dbs-full-texts-02	26789246_8	1	0	0
physical-interaction-dbs-full-texts-02	26791243_28	1	0	0
physical-interaction-dbs-full-texts-02	26839174_22	1	0	0
physical-interaction-dbs-full-texts-02	26912900_35	1	0	0
physical-interaction-dbs-full-texts-02	27187149_8	1	0	0
physical-interaction-dbs-full-texts-02	27257059_22	0	1	0
physical-interaction-dbs-full-texts-02	27404359_10	1	0	0
physical-interaction-dbs-full-texts-02	27404360_16	1	0	0
physical-interaction-dbs-full-texts-02	27448207_25	1	0	0
physical-interaction-dbs-full-texts-02	27532772_38	1	0	0
physical-interaction-dbs-full-texts-02	27574117_2	1	0	0
physical-interaction-dbs-full-texts-02	27672511_18	1	0	0
physical-interaction-dbs-full-texts-02	27694803_7	0	1	0
physical-interaction-dbs-full-texts-02	27694884_10	1	0	0
physical-interaction-dbs-full-texts-02	27830973_29	1	0	0
physical-interaction-dbs-full-texts-02	27855785_31	1	0	0
physical-interaction-dbs-full-texts-02	27899653_8	0	1	0
physical-interaction-dbs-full-texts-02	28148647_5	1	0	0
physical-interaction-dbs-full-texts-02	28165323_15	1	0	0
physical-interaction-dbs-full-texts-02	28216227_9	1	0	0
physical-interaction-dbs-full-texts-02	28286521_18	1	0	0
physical-interaction-dbs-full-texts-02	28330605_15	1	0	0
physical-interaction-dbs-full-texts-02	28334887_3	1	0	0
physical-interaction-dbs-full-texts-02	28345864_13	1	0	0
physical-interaction-dbs-full-texts-02	28515143_17	0	0	1
physical-interaction-dbs-full-texts-02	28553222_48	1	0	0
physical-interaction-dbs-full-texts-02	28607491_50	0	0	1
physical-interaction-dbs-full-texts-02	28636933_10	1	0	0
physical-interaction-dbs-full-texts-02	28693035_28	1	0	0
physical-interaction-dbs-full-texts-02	28706108_44	1	0	0
physical-interaction-dbs-full-texts-02	28720733_13	1	0	0
physical-interaction-dbs-full-texts-02	28724915_8	1	0	0
physical-interaction-dbs-full-texts-02	28736527_8	1	0	0
physical-interaction-dbs-full-texts-02	28769084_18	1	0	0
physical-interaction-dbs-full-texts-02	28798345_15	0	0	1
physical-interaction-dbs-full-texts-02	28806752_11	0	0	1
physical-interaction-dbs-full-texts-02	29021337_2	0	0	1
physical-interaction-dbs-full-texts-02	29142217_24	1	0	0
physical-interaction-dbs-full-texts-02	29203883_5	1	0	0
physical-interaction-dbs-full-texts-02	29206227_36	0	0	1
physical-interaction-dbs-full-texts-02	29212181_14	0	0	1
physical-interaction-dbs-full-texts-02	29321502_42	1	0	0
physical-interaction-dbs-full-texts-02	29358748_12	0	1	0
physical-interaction-dbs-full-texts-02	29534157_4	1	0	0
physical-interaction-dbs-full-texts-02	29555935_10	1	0	0
physical-interaction-dbs-full-texts-02	29625565_40	1	0	0
physical-interaction-dbs-full-texts-02	29649282_9	0	1	0
physical-interaction-dbs-full-texts-02	29742018_12	1	0	0
physical-interaction-dbs-full-texts-02	29795337_6	1	0	0
physical-interaction-dbs-full-texts-02	29911180_49	1	0	0
physical-interaction-dbs-full-texts-02	30054481_6	0	0	1
physical-interaction-dbs-full-texts-02	30385546_13	0	0	1
physical-interaction-dbs-full-texts-02	30452242_21	1	0	0
physical-interaction-dbs-full-texts-02	30601114_39	0	1	0
physical-interaction-dbs-full-texts-02	30802237_18	0	0	1
physical-interaction-dbs-full-texts-02	30880408_23	1	0	0
physical-interaction-dbs-full-texts-02	30931958_18	0	0	1
physical-interaction-dbs-full-texts-02	31037469_13	1	0	0
physical-interaction-dbs-full-texts-02	9008707_36	1	0	0
physical-interaction-dbs-full-texts-02	9015301_19	1	0	0
physical-interaction-dbs-full-texts-02	9060463_7	1	0	0
physical-interaction-dbs-full-texts-02	9362506_22	0	0	1
physical-interaction-dbs-full-texts-02	9490720_37	1	0	0
physical-interaction-dbs-full-texts-02	9490735_27	1	0	0
physical-interaction-dbs-full-texts-02	9971736_30	1	0	0
ptm-triaged-abstracts-01	2550422	1		
ptm-triaged-abstracts-01	3624258	1		
ptm-triaged-abstracts-01	7991565	1		
ptm-triaged-abstracts-01	8995282			1
ptm-triaged-abstracts-01	9506952		1	
ptm-triaged-abstracts-01	9790970	1		
ptm-triaged-abstracts-01	10823831	1		
ptm-triaged-abstracts-01	11163210			1
ptm-triaged-abstracts-01	11278251		1	
ptm-triaged-abstracts-01	11390669	1		
ptm-triaged-abstracts-01	11675392	1		
ptm-triaged-abstracts-01	11747420	1		
ptm-triaged-abstracts-01	11747826	1		
ptm-triaged-abstracts-01	11927591	1		
ptm-triaged-abstracts-01	11983712	1		
ptm-triaged-abstracts-01	12218189	1		
ptm-triaged-abstracts-01	12239347	1		
ptm-triaged-abstracts-01	12391162	1		
ptm-triaged-abstracts-01	12498683	1		
ptm-triaged-abstracts-01	12502735	1		
ptm-triaged-abstracts-01	12554878		1	
ptm-triaged-abstracts-01	12609982			1
ptm-triaged-abstracts-01	12932319	1		
ptm-triaged-abstracts-01	14563551	1		
ptm-triaged-abstracts-01	14701756	1		
ptm-triaged-abstracts-01	14718519	1		
ptm-triaged-abstracts-01	15138260	1		
ptm-triaged-abstracts-01	15220471	1		
ptm-triaged-abstracts-01	15492226			1
ptm-triaged-abstracts-01	15601839	1		
ptm-triaged-abstracts-01	15620648		1	
ptm-triaged-abstracts-01	15640802	1		
ptm-triaged-abstracts-01	15692013	1		
ptm-triaged-abstracts-01	15894594	1		
ptm-triaged-abstracts-01	15930137			1
ptm-triaged-abstracts-01	15962011		1	
ptm-triaged-abstracts-01	16343444	1		
ptm-triaged-abstracts-01	16467855	1		
ptm-triaged-abstracts-01	16678110	1		
ptm-triaged-abstracts-01	16705181	1		
ptm-triaged-abstracts-01	16906146	1		
ptm-triaged-abstracts-01	16980583	1		
ptm-triaged-abstracts-01	17108971	1		
ptm-triaged-abstracts-01	17290220	1		
ptm-triaged-abstracts-01	17439403	1		
ptm-triaged-abstracts-01	17463226			1
ptm-triaged-abstracts-01	17475912	1		
ptm-triaged-abstracts-01	17532339			1
ptm-triaged-abstracts-01	17575052		1	
ptm-triaged-abstracts-01	17580310			1
ptm-triaged-abstracts-01	17707230			1
ptm-triaged-abstracts-01	17873522	1		
ptm-triaged-abstracts-01	17898714	1		
ptm-triaged-abstracts-01	17923681	1		
ptm-triaged-abstracts-01	17948050	1		
ptm-triaged-abstracts-01	18065497			1
ptm-triaged-abstracts-01	18070888		1	
ptm-triaged-abstracts-01	18281465	1		
ptm-triaged-abstracts-01	18457970	1		
ptm-triaged-abstracts-01	18719106	1		
ptm-triaged-abstracts-01	19011241	1		
ptm-triaged-abstracts-01	19112497	1		
ptm-triaged-abstracts-01	19135894		1	
ptm-triaged-abstracts-01	19187765		1	
ptm-triaged-abstracts-01	19234465		1	
ptm-triaged-abstracts-01	19648934		1	
ptm-triaged-abstracts-01	19703992	1		
ptm-triaged-abstracts-01	19706539	1		
ptm-triaged-abstracts-01	19706679	1		
ptm-triaged-abstracts-01	19893624	1		
ptm-triaged-abstracts-01	19955185	1		
ptm-triaged-abstracts-01	19955409	1		
ptm-triaged-abstracts-01	20047764	1		
ptm-triaged-abstracts-01	20084082	1		
ptm-triaged-abstracts-01	20098713	1		
ptm-triaged-abstracts-01	20418879		1	
ptm-triaged-abstracts-01	20436459	1		
ptm-triaged-abstracts-01	20463170	1		
ptm-triaged-abstracts-01	20603015		1	
ptm-triaged-abstracts-01	20858899			1
ptm-triaged-abstracts-01	20937913		1	
ptm-triaged-abstracts-01	21102408		1	
ptm-triaged-abstracts-01	21131967	1		
ptm-triaged-abstracts-01	21262971	1		
ptm-triaged-abstracts-01	21900752			1
ptm-triaged-abstracts-01	21940857	1		
ptm-triaged-abstracts-01	22152680	1		
ptm-triaged-abstracts-01	22373579	1		
ptm-triaged-abstracts-01	23482395	1		
ptm-triaged-abstracts-01	24019521	1		
ptm-triaged-abstracts-01	24056413		1	
ptm-triaged-abstracts-01	24662292	1		
ptm-triaged-abstracts-01	24768535			1
ptm-triaged-abstracts-01	24807418	1		
ptm-triaged-abstracts-01	24901984	1		
ptm-triaged-abstracts-01	24905007	1		
ptm-triaged-abstracts-01	25732088	1		
ptm-triaged-abstracts-01	27222660	1		
ptm-triaged-abstracts-01	32005965	1		
ptm-triaged-abstracts-01	34029587			1
regulatory-interactions-reactome-abstracts-01	15223	0	0	1
regulatory-interactions-reactome-abstracts-01	1157293	1	0	0
regulatory-interactions-reactome-abstracts-01	1373520	0	0	1
regulatory-interactions-reactome-abstracts-01	1496017	1	0	0
regulatory-interactions-reactome-abstracts-01	1628823	0	1	0
regulatory-interactions-reactome-abstracts-01	1670590	1	0	0
regulatory-interactions-reactome-abstracts-01	1719979	0	0	1
regulatory-interactions-reactome-abstracts-01	1939122	0	0	1
regulatory-interactions-reactome-abstracts-01	2002555	0	0	1
regulatory-interactions-reactome-abstracts-01	2111814	0	0	1
regulatory-interactions-reactome-abstracts-01	2253219	1	0	0
regulatory-interactions-reactome-abstracts-01	2462567	0	0	1
regulatory-interactions-reactome-abstracts-01	2661017	1	0	0
regulatory-interactions-reactome-abstracts-01	2664828	0	0	1
regulatory-interactions-reactome-abstracts-01	2961257	0	0	1
regulatory-interactions-reactome-abstracts-01	2995373	0	1	0
regulatory-interactions-reactome-abstracts-01	3281094	1	0	0
regulatory-interactions-reactome-abstracts-01	3453108	0	0	1
regulatory-interactions-reactome-abstracts-01	3677090	1	0	0
regulatory-interactions-reactome-abstracts-01	3770210	0	0	1
regulatory-interactions-reactome-abstracts-01	4074707	1	0	0
regulatory-interactions-reactome-abstracts-01	4098172	0	0	1
regulatory-interactions-reactome-abstracts-01	6395883	1	0	0
regulatory-interactions-reactome-abstracts-01	7521688	0	1	0
regulatory-interactions-reactome-abstracts-01	7524088	0	0	1
regulatory-interactions-reactome-abstracts-01	7559524	0	0	1
regulatory-interactions-reactome-abstracts-01	7589461	1	0	0
regulatory-interactions-reactome-abstracts-01	7608543	1	0	0
regulatory-interactions-reactome-abstracts-01	7691810	1	0	0
regulatory-interactions-reactome-abstracts-01	7901201	1	0	0
regulatory-interactions-reactome-abstracts-01	7916593	0	0	1
regulatory-interactions-reactome-abstracts-01	7918411	1	0	0
regulatory-interactions-reactome-abstracts-01	7929371	1	0	0
regulatory-interactions-reactome-abstracts-01	7957109	1	0	0
regulatory-interactions-reactome-abstracts-01	8051110	1	0	0
regulatory-interactions-reactome-abstracts-01	8062389	1	0	0
regulatory-interactions-reactome-abstracts-01	8078941	0	1	0
regulatory-interactions-reactome-abstracts-01	8100763	1	0	0
regulatory-interactions-reactome-abstracts-01	8407894	0	0	1
regulatory-interactions-reactome-abstracts-01	8464497	0	0	1
regulatory-interactions-reactome-abstracts-01	8505295	0	0	1
regulatory-interactions-reactome-abstracts-01	8521815	0	0	1
regulatory-interactions-reactome-abstracts-01	8663127	0	0	1
regulatory-interactions-reactome-abstracts-01	8700872	1	0	0
regulatory-interactions-reactome-abstracts-01	8809036	1	0	0
regulatory-interactions-reactome-abstracts-01	8837778	1	0	0
regulatory-interactions-reactome-abstracts-01	8855281	0	0	1
regulatory-interactions-reactome-abstracts-01	8901870	1	0	0
regulatory-interactions-reactome-abstracts-01	8990121	1	0	0
regulatory-interactions-reactome-abstracts-01	9028946	0	1	0
regulatory-interactions-reactome-abstracts-01	9030599	0	0	1
regulatory-interactions-reactome-abstracts-01	9034327	1	0	0
regulatory-interactions-reactome-abstracts-01	9054950	0	0	1
regulatory-interactions-reactome-abstracts-01	9106661	1	0	0
regulatory-interactions-reactome-abstracts-01	9115214	0	0	1
regulatory-interactions-reactome-abstracts-01	9140397	0	1	0
regulatory-interactions-reactome-abstracts-01	9154799	0	0	1
regulatory-interactions-reactome-abstracts-01	9195882	0	0	1
regulatory-interactions-reactome-abstracts-01	9215627	1	0	0
regulatory-interactions-reactome-abstracts-01	9251239	1	0	0
regulatory-interactions-reactome-abstracts-01	9299444	0	0	1
regulatory-interactions-reactome-abstracts-01	9345306	0	1	0
regulatory-interactions-reactome-abstracts-01	9367446	0	0	1
regulatory-interactions-reactome-abstracts-01	9380700	1	0	0
regulatory-interactions-reactome-abstracts-01	9431993	1	0	0
regulatory-interactions-reactome-abstracts-01	9438414	0	1	0
regulatory-interactions-reactome-abstracts-01	9497260	0	0	1
regulatory-interactions-reactome-abstracts-01	9616112	1	0	0
regulatory-interactions-reactome-abstracts-01	9649503	1	0	0
regulatory-interactions-reactome-abstracts-01	9657743	1	0	0
regulatory-interactions-reactome-abstracts-01	9763524	0	1	0
regulatory-interactions-reactome-abstracts-01	9786900	1	0	0
regulatory-interactions-reactome-abstracts-01	9826654	0	1	0
regulatory-interactions-reactome-abstracts-01	9832424	1	0	0
regulatory-interactions-reactome-abstracts-01	9858549	1	0	0
regulatory-interactions-reactome-abstracts-01	9878548	1	0	0
regulatory-interactions-reactome-abstracts-01	9988767	1	0	0
regulatory-interactions-reactome-abstracts-01	9990065	0	1	0
regulatory-interactions-reactome-abstracts-01	10053006	0	0	1
regulatory-interactions-reactome-abstracts-01	10080186	0	0	1
regulatory-interactions-reactome-abstracts-01	10212226	0	1	0
regulatory-interactions-reactome-abstracts-01	10397761	0	0	1
regulatory-interactions-reactome-abstracts-01	10430017	1	0	0
regulatory-interactions-reactome-abstracts-01	10433269	0	0	1
regulatory-interactions-reactome-abstracts-01	10468875	1	0	0
regulatory-interactions-reactome-abstracts-01	10518211	0	0	1
regulatory-interactions-reactome-abstracts-01	10559216	1	0	0
regulatory-interactions-reactome-abstracts-01	10585430	0	0	1
regulatory-interactions-reactome-abstracts-01	10625641	0	0	1
regulatory-interactions-reactome-abstracts-01	10625644	0	0	1
regulatory-interactions-reactome-abstracts-01	10673331	0	0	1
regulatory-interactions-reactome-abstracts-01	10693759	0	0	1
regulatory-interactions-reactome-abstracts-01	10724160	0	0	1
regulatory-interactions-reactome-abstracts-01	10781587	1	0	0
regulatory-interactions-reactome-abstracts-01	10865125	1	0	0
regulatory-interactions-reactome-abstracts-01	10887153	1	0	0
regulatory-interactions-reactome-abstracts-01	10958785	0	1	0
regulatory-interactions-reactome-abstracts-01	10980531	0	0	1
regulatory-interactions-reactome-abstracts-01	10982844	0	1	0
regulatory-interactions-reactome-abstracts-01	11012776	1	0	0
regulatory-interactions-reactome-abstracts-01	11032757	0	1	0
regulatory-interactions-reactome-abstracts-01	11040182	1	0	0
regulatory-interactions-reactome-abstracts-01	11042367	1	0	0
regulatory-interactions-reactome-abstracts-01	11060341	1	0	0
regulatory-interactions-reactome-abstracts-01	11121043	0	0	1
regulatory-interactions-reactome-abstracts-01	11157743	0	1	0
regulatory-interactions-reactome-abstracts-01	11274389	0	1	0
regulatory-interactions-reactome-abstracts-01	11274402	0	0	1
regulatory-interactions-reactome-abstracts-01	11333016	1	0	0
regulatory-interactions-reactome-abstracts-01	11390642	1	0	0
regulatory-interactions-reactome-abstracts-01	11391482	1	0	0
regulatory-interactions-reactome-abstracts-01	11416152	0	0	1
regulatory-interactions-reactome-abstracts-01	11440997	1	0	0
regulatory-interactions-reactome-abstracts-01	11485553	1	0	0
regulatory-interactions-reactome-abstracts-01	11598268	0	0	1
regulatory-interactions-reactome-abstracts-01	11779505	1	0	0
regulatory-interactions-reactome-abstracts-01	11782409	1	0	0
regulatory-interactions-reactome-abstracts-01	11874917	0	0	1
regulatory-interactions-reactome-abstracts-01	11917125	1	0	0
regulatory-interactions-reactome-abstracts-01	11931757	1	0	0
regulatory-interactions-reactome-abstracts-01	11948691	1	0	0
regulatory-interactions-reactome-abstracts-01	11959841	0	1	0
regulatory-interactions-reactome-abstracts-01	12023008	0	0	1
regulatory-interactions-reactome-abstracts-01	12063250	0	0	1
regulatory-interactions-reactome-abstracts-01	12072434	1	0	0
regulatory-interactions-reactome-abstracts-01	12093729	0	1	0
regulatory-interactions-reactome-abstracts-01	12135708	0	0	1
regulatory-interactions-reactome-abstracts-01	12150964	0	1	0
regulatory-interactions-reactome-abstracts-01	12151385	0	0	1
regulatory-interactions-reactome-abstracts-01	12208882	0	1	0
regulatory-interactions-reactome-abstracts-01	12242343	1	0	0
regulatory-interactions-reactome-abstracts-01	12388769	1	0	0
regulatory-interactions-reactome-abstracts-01	12399160	0	1	0
regulatory-interactions-reactome-abstracts-01	12482991	1	0	0
regulatory-interactions-reactome-abstracts-01	12583813	1	0	0
regulatory-interactions-reactome-abstracts-01	12646579	1	0	0
regulatory-interactions-reactome-abstracts-01	12743368	1	0	0
regulatory-interactions-reactome-abstracts-01	12802069	1	0	0
regulatory-interactions-reactome-abstracts-01	12855678	0	0	1
regulatory-interactions-reactome-abstracts-01	12865428	1	0	0
regulatory-interactions-reactome-abstracts-01	12897057	0	1	0
regulatory-interactions-reactome-abstracts-01	12975610	1	0	0
regulatory-interactions-reactome-abstracts-01	13678582	0	0	1
regulatory-interactions-reactome-abstracts-01	14500339	0	1	0
regulatory-interactions-reactome-abstracts-01	14517266	1	0	0
regulatory-interactions-reactome-abstracts-01	14562105	0	0	1
regulatory-interactions-reactome-abstracts-01	14596915	1	0	0
regulatory-interactions-reactome-abstracts-01	14597722	1	0	0
regulatory-interactions-reactome-abstracts-01	14614622	0	0	1
regulatory-interactions-reactome-abstracts-01	14636568	1	0	0
regulatory-interactions-reactome-abstracts-01	14703513	1	0	0
regulatory-interactions-reactome-abstracts-01	14729979	1	0	0
regulatory-interactions-reactome-abstracts-01	14742442	0	0	1
regulatory-interactions-reactome-abstracts-01	14973138	0	0	1
regulatory-interactions-reactome-abstracts-01	15001581	0	0	1
regulatory-interactions-reactome-abstracts-01	15080793	0	0	1
regulatory-interactions-reactome-abstracts-01	15107849	1	0	0
regulatory-interactions-reactome-abstracts-01	15117945	0	0	1
regulatory-interactions-reactome-abstracts-01	15150273	0	1	0
regulatory-interactions-reactome-abstracts-01	15159550	0	1	0
regulatory-interactions-reactome-abstracts-01	15226418	1	0	0
regulatory-interactions-reactome-abstracts-01	15247232	0	0	1
regulatory-interactions-reactome-abstracts-01	15257288	0	0	1
regulatory-interactions-reactome-abstracts-01	15358149	0	0	1
regulatory-interactions-reactome-abstracts-01	15364929	1	0	0
regulatory-interactions-reactome-abstracts-01	15449939	0	0	1
regulatory-interactions-reactome-abstracts-01	15501440	0	1	0
regulatory-interactions-reactome-abstracts-01	15592428	0	0	1
regulatory-interactions-reactome-abstracts-01	15660128	0	0	1
regulatory-interactions-reactome-abstracts-01	15689518	0	1	0
regulatory-interactions-reactome-abstracts-01	15865448	0	0	1
regulatory-interactions-reactome-abstracts-01	15886116	0	0	1
regulatory-interactions-reactome-abstracts-01	15983063	1	0	0
regulatory-interactions-reactome-abstracts-01	16007227	1	0	0
regulatory-interactions-reactome-abstracts-01	16024914	0	0	1
regulatory-interactions-reactome-abstracts-01	16087863	1	0	0
regulatory-interactions-reactome-abstracts-01	16205122	1	0	0
regulatory-interactions-reactome-abstracts-01	16209941	0	0	1
regulatory-interactions-reactome-abstracts-01	16260776	0	0	1
regulatory-interactions-reactome-abstracts-01	16287098	1	0	0
regulatory-interactions-reactome-abstracts-01	16362057	1	0	0
regulatory-interactions-reactome-abstracts-01	16407156	0	1	0
regulatory-interactions-reactome-abstracts-01	16547505	1	0	0
regulatory-interactions-reactome-abstracts-01	16556841	0	0	1
regulatory-interactions-reactome-abstracts-01	16717095	0	0	1
regulatory-interactions-reactome-abstracts-01	16738327	0	0	1
regulatory-interactions-reactome-abstracts-01	16757337	1	0	0
regulatory-interactions-reactome-abstracts-01	16782898	0	1	0
regulatory-interactions-reactome-abstracts-01	16854980	0	1	0
regulatory-interactions-reactome-abstracts-01	16908542	0	0	1
regulatory-interactions-reactome-abstracts-01	16912044	0	0	1
regulatory-interactions-reactome-abstracts-01	16931176	1	0	0
regulatory-interactions-reactome-abstracts-01	17166836	0	0	1
regulatory-interactions-reactome-abstracts-01	17189298	1	0	0
regulatory-interactions-reactome-abstracts-01	17193822	0	1	0
regulatory-interactions-reactome-abstracts-01	17223360	0	1	0
regulatory-interactions-reactome-abstracts-01	17332741	1	0	0
regulatory-interactions-reactome-abstracts-01	17363904	0	0	1
regulatory-interactions-reactome-abstracts-01	17435760	0	0	1
regulatory-interactions-reactome-abstracts-01	17452516	1	0	0
regulatory-interactions-reactome-abstracts-01	17483134	1	0	0
regulatory-interactions-reactome-abstracts-01	17572495	0	0	1
regulatory-interactions-reactome-abstracts-01	17591783	1	0	0
regulatory-interactions-reactome-abstracts-01	17615152	0	0	1
regulatory-interactions-reactome-abstracts-01	17646648	1	0	0
regulatory-interactions-reactome-abstracts-01	17662961	0	0	1
regulatory-interactions-reactome-abstracts-01	17766642	0	0	1
regulatory-interactions-reactome-abstracts-01	17848578	0	0	1
regulatory-interactions-reactome-abstracts-01	17984207	1	0	0
regulatory-interactions-reactome-abstracts-01	17991896	1	0	0
regulatory-interactions-reactome-abstracts-01	18006499	1	0	0
regulatory-interactions-reactome-abstracts-01	18036997	0	0	1
regulatory-interactions-reactome-abstracts-01	18066079	1	0	0
regulatory-interactions-reactome-abstracts-01	18158893	0	0	1
regulatory-interactions-reactome-abstracts-01	18160347	1	0	0
regulatory-interactions-reactome-abstracts-01	18248330	1	0	0
regulatory-interactions-reactome-abstracts-01	18317453	0	0	1
regulatory-interactions-reactome-abstracts-01	18344994	1	0	0
regulatory-interactions-reactome-abstracts-01	18391171	0	0	1
regulatory-interactions-reactome-abstracts-01	18513679	0	0	1
regulatory-interactions-reactome-abstracts-01	18533032	0	0	1
regulatory-interactions-reactome-abstracts-01	18550409	1	0	0
regulatory-interactions-reactome-abstracts-01	18617892	0	1	0
regulatory-interactions-reactome-abstracts-01	18628300	0	0	1
regulatory-interactions-reactome-abstracts-01	18682561	0	0	1
regulatory-interactions-reactome-abstracts-01	18772889	1	0	0
regulatory-interactions-reactome-abstracts-01	18775504	1	0	0
regulatory-interactions-reactome-abstracts-01	18838202	0	0	1
regulatory-interactions-reactome-abstracts-01	19011240	1	0	0
regulatory-interactions-reactome-abstracts-01	19081074	1	0	0
regulatory-interactions-reactome-abstracts-01	19150429	0	1	0
regulatory-interactions-reactome-abstracts-01	19224332	1	0	0
regulatory-interactions-reactome-abstracts-01	19228687	0	0	1
regulatory-interactions-reactome-abstracts-01	19239245	1	0	0
regulatory-interactions-reactome-abstracts-01	19287006	1	0	0
regulatory-interactions-reactome-abstracts-01	19359157	1	0	0
regulatory-interactions-reactome-abstracts-01	19380584	0	1	0
regulatory-interactions-reactome-abstracts-01	19465916	0	0	1
regulatory-interactions-reactome-abstracts-01	19587354	1	0	0
regulatory-interactions-reactome-abstracts-01	19593530	0	0	1
regulatory-interactions-reactome-abstracts-01	19809159	1	0	0
regulatory-interactions-reactome-abstracts-01	19933153	0	1	0
regulatory-interactions-reactome-abstracts-01	20042613	1	0	0
regulatory-interactions-reactome-abstracts-01	20061941	1	0	0
regulatory-interactions-reactome-abstracts-01	20147624	0	0	1
regulatory-interactions-reactome-abstracts-01	20179196	0	0	1
regulatory-interactions-reactome-abstracts-01	20368621	0	0	1
regulatory-interactions-reactome-abstracts-01	20421945	1	0	0
regulatory-interactions-reactome-abstracts-01	20498358	1	0	0
regulatory-interactions-reactome-abstracts-01	20512148	0	0	1
regulatory-interactions-reactome-abstracts-01	20530210	1	0	0
regulatory-interactions-reactome-abstracts-01	20610392	1	0	0
regulatory-interactions-reactome-abstracts-01	20624928	0	0	1
regulatory-interactions-reactome-abstracts-01	20634189	1	0	0
regulatory-interactions-reactome-abstracts-01	21068237	1	0	0
regulatory-interactions-reactome-abstracts-01	21122132	1	0	0
regulatory-interactions-reactome-abstracts-01	21347367	0	0	1
regulatory-interactions-reactome-abstracts-01	21554500	1	0	0
regulatory-interactions-reactome-abstracts-01	21807881	0	0	1
regulatory-interactions-reactome-abstracts-01	21840311	1	0	0
regulatory-interactions-reactome-abstracts-01	21857155	1	0	0
regulatory-interactions-reactome-abstracts-01	22020280	0	0	1
regulatory-interactions-reactome-abstracts-01	22056990	0	1	0
regulatory-interactions-reactome-abstracts-01	22065755	0	1	0
regulatory-interactions-reactome-abstracts-01	22072986	0	0	1
regulatory-interactions-reactome-abstracts-01	22153078	1	0	0
regulatory-interactions-reactome-abstracts-01	22177953	1	0	0
regulatory-interactions-reactome-abstracts-01	22382088	1	0	0
regulatory-interactions-reactome-abstracts-01	22407364	0	0	1
regulatory-interactions-reactome-abstracts-01	22595670	0	0	1
regulatory-interactions-reactome-abstracts-01	22649370	0	0	1
regulatory-interactions-reactome-abstracts-01	22721435	1	0	0
regulatory-interactions-reactome-abstracts-01	22842725	0	1	0
regulatory-interactions-reactome-abstracts-01	22865860	0	0	1
regulatory-interactions-reactome-abstracts-01	22879880	0	1	0
regulatory-interactions-reactome-abstracts-01	22971344	1	0	0
regulatory-interactions-reactome-abstracts-01	23240008	0	0	1
regulatory-interactions-reactome-abstracts-01	23404503	1	0	0
regulatory-interactions-reactome-abstracts-01	23533635	0	0	1
regulatory-interactions-reactome-abstracts-01	23550138	1	0	0
regulatory-interactions-reactome-abstracts-01	23884233	1	0	0
regulatory-interactions-reactome-abstracts-01	24012004	1	0	0
regulatory-interactions-reactome-abstracts-01	24288332	0	0	1
regulatory-interactions-reactome-abstracts-01	24316671	1	0	0
regulatory-interactions-reactome-abstracts-01	24371268	1	0	0
regulatory-interactions-reactome-abstracts-01	24481253	1	0	0
regulatory-interactions-reactome-abstracts-01	24550520	1	0	0
regulatory-interactions-reactome-abstracts-01	25107275	0	0	1
regulatory-interactions-reactome-abstracts-01	25567797	1	0	0
regulatory-interactions-reactome-abstracts-01	25674852	1	0	0
regulatory-interactions-reactome-abstracts-01	25855297	1	0	0
regulatory-interactions-reactome-abstracts-01	25994790	0	1	0
regulatory-interactions-reactome-abstracts-01	26251176	0	1	0
regulatory-interactions-reactome-abstracts-01	26350504	0	1	0
regulatory-interactions-reactome-abstracts-01	26900751	1	0	0
regulatory-interactions-reactome-abstracts-01	26906416	1	0	0
regulatory-interactions-reactome-abstracts-01	27137657	1	0	0
regulatory-interactions-reactome-abstracts-01	28112683	1	0	0
regulatory-interactions-reactome-abstracts-01	28939558	1	0	0
regulatory-interactions-reactome-abstracts-01	31748741	1	0	0